domain,checked_at
ig13.de,2026-05-21T08:50:39.209612
igwe.de,2026-05-21T08:50:39.223184
ig0t.de,2026-05-21T08:50:40.132101
igwk.de,2026-05-21T08:50:40.200792
ig0y.de,2026-05-21T08:50:41.158800
igu4.de,2026-05-21T08:50:41.200990
igw0.de,2026-05-21T08:50:42.202714
ig2i.de,2026-05-21T08:50:42.203432
ig1a.de,2026-05-21T08:50:43.214143
igv3.de,2026-05-21T08:50:43.253554
igu7.de,2026-05-21T08:50:44.132316
ig0x.de,2026-05-21T08:50:44.637990
igv9.de,2026-05-21T08:50:44.785145
ig2t.de,2026-05-21T08:50:45.860247
igwv.de,2026-05-21T08:50:46.771688
ig21.de,2026-05-21T08:50:46.774849
igve.de,2026-05-21T08:50:47.773514
ig1h.de,2026-05-21T08:50:47.775091
igu5.de,2026-05-21T08:50:48.843978
ig1q.de,2026-05-21T08:50:48.844849
igwd.de,2026-05-21T08:50:49.851474
ig1w.de,2026-05-21T08:50:49.852487
ig1i.de,2026-05-21T08:50:50.344576
igxe.de,2026-05-21T08:50:51.115711
ig25.de,2026-05-21T08:50:51.116722
ig1f.de,2026-05-21T08:50:51.996141
igwb.de,2026-05-21T08:50:52.125556
igxq.de,2026-05-21T08:50:53.213015
ig2q.de,2026-05-21T08:50:53.213146
ig0n.de,2026-05-21T08:50:54.642338
igw9.de,2026-05-21T08:50:54.707383
ig0w.de,2026-05-21T08:50:55.774897
igvc.de,2026-05-21T08:50:55.793542
igvj.de,2026-05-21T08:50:57.011509
ig2o.de,2026-05-21T08:50:57.012167
ig3c.de,2026-05-21T08:50:58.074081
iguv.de,2026-05-21T08:50:58.074205
ig3p.de,2026-05-21T08:50:59.181786
igu0.de,2026-05-21T08:50:59.203940
ig3b.de,2026-05-21T08:51:00.256412
iguu.de,2026-05-21T08:51:01.195528
ig3h.de,2026-05-21T08:51:01.199482
igx4.de,2026-05-21T08:51:01.946418
igxw.de,2026-05-21T08:51:02.098417
iguz.de,2026-05-21T08:51:02.937557
ig2j.de,2026-05-21T08:51:03.116639
igxd.de,2026-05-21T08:51:03.950853
ig24.de,2026-05-21T08:51:04.113909
igyd.de,2026-05-21T08:51:04.954127
ig3o.de,2026-05-21T08:51:05.119894
igyb.de,2026-05-21T08:51:05.963355
ig2g.de,2026-05-21T08:51:06.124204
igxw.de,2026-05-21T08:51:07.002238
ig36.de,2026-05-21T08:51:07.133633
igvs.de,2026-05-21T08:51:08.052983
ig1n.de,2026-05-21T08:51:08.130136
igws.de,2026-05-21T08:51:09.047804
ig3t.de,2026-05-21T08:51:09.136390
igx5.de,2026-05-21T08:51:09.996375
ig19.de,2026-05-21T08:51:10.135589
igx7.de,2026-05-21T08:51:10.982325
ig3u.de,2026-05-21T08:51:11.188470
igyl.de,2026-05-21T08:51:11.973003
ig3n.de,2026-05-21T08:51:12.208889
igw2.de,2026-05-21T08:51:12.990710
ig2f.de,2026-05-21T08:51:13.237171
igxa.de,2026-05-21T08:51:14.014059
ig3d.de,2026-05-21T08:51:14.142492
igyn.de,2026-05-21T08:51:15.018230
ig3j.de,2026-05-21T08:51:15.152132
igxj.de,2026-05-21T08:51:16.023216
ig4h.de,2026-05-21T08:51:16.154124
igyi.de,2026-05-21T08:51:17.045277
ig4i.de,2026-05-21T08:51:17.162942
igyk.de,2026-05-21T08:51:18.030412
ig0j.de,2026-05-21T08:51:18.163495
igyp.de,2026-05-21T08:51:19.048795
ig33.de,2026-05-21T08:51:19.164153
igyj.de,2026-05-21T08:51:20.094512
igy0.de,2026-05-21T08:51:20.178976
igy4.de,2026-05-21T08:51:21.122910
ig2r.de,2026-05-21T08:51:21.169974
igy0.de,2026-05-21T08:51:22.033671
ig4t.de,2026-05-21T08:51:22.199560
igyz.de,2026-05-21T08:51:23.039508
ig0z.de,2026-05-21T08:51:23.252215
igx9.de,2026-05-21T08:51:24.041245
igzm.de,2026-05-21T08:51:24.254972
ig4p.de,2026-05-21T08:51:25.177196
igus.de,2026-05-21T08:51:40.098180
ig4e.de,2026-05-21T08:51:40.242607
igzg.de,2026-05-21T08:51:41.091789
ig4l.de,2026-05-21T08:51:41.243358
ig0e.de,2026-05-21T08:51:42.112582
ig5r.de,2026-05-21T08:51:42.246530
igxg.de,2026-05-21T08:51:43.173267
ig4w.de,2026-05-21T08:51:43.247120
igx6.de,2026-05-21T08:51:44.203221
ig38.de,2026-05-21T08:51:44.248235
igw7.de,2026-05-21T08:51:45.241717
igxb.de,2026-05-21T08:51:45.602837
ig5i.de,2026-05-21T08:51:45.790994
ig0f.de,2026-05-21T08:51:46.106430
igzj.de,2026-05-21T08:51:47.109338
ig6e.de,2026-05-21T08:51:47.882044
igzz.de,2026-05-21T08:51:48.115482
ig6a.de,2026-05-21T08:51:48.787678
igyx.de,2026-05-21T08:51:49.113602
ig4q.de,2026-05-21T08:51:49.793725
igyh.de,2026-05-21T08:51:50.114894
ig5c.de,2026-05-21T08:51:50.788901
ig0m.de,2026-05-21T08:51:51.117703
igzc.de,2026-05-21T08:51:51.625114
ig54.de,2026-05-21T08:51:51.797004
igz4.de,2026-05-21T08:51:52.122118
ig3m.de,2026-05-21T08:51:52.794319
igz0.de,2026-05-21T08:51:53.127559
ig5p.de,2026-05-21T08:51:53.796679
igz3.de,2026-05-21T08:51:54.170890
ig4v.de,2026-05-21T08:51:54.809817
ig05.de,2026-05-21T08:51:55.221398
ig6j.de,2026-05-21T08:51:55.803918
igys.de,2026-05-21T08:51:56.230695
ig40.de,2026-05-21T08:51:56.809891
ig0g.de,2026-05-21T08:51:57.136621
ig6i.de,2026-05-21T08:51:57.839614
ig03.de,2026-05-21T08:51:58.148923
ig5s.de,2026-05-21T08:51:58.892467
ig0k.de,2026-05-21T08:51:59.160203
ig47.de,2026-05-21T08:51:59.902782
igwt.de,2026-05-21T08:52:00.148093
ig6m.de,2026-05-21T08:52:00.820118
igyr.de,2026-05-21T08:52:01.148212
ig6o.de,2026-05-21T08:52:01.839667
ig0h.de,2026-05-21T08:52:02.158918
ig4d.de,2026-05-21T08:52:02.828671
igy9.de,2026-05-21T08:52:03.160184
ig59.de,2026-05-21T08:52:03.836725
ig1i.de,2026-05-21T08:52:04.172091
ig6u.de,2026-05-21T08:52:04.842002
igzu.de,2026-05-21T08:52:05.185219
ig7e.de,2026-05-21T08:52:05.868615
igxt.de,2026-05-21T08:52:06.168696
ig6q.de,2026-05-21T08:52:06.951662
igxz.de,2026-05-21T08:52:07.218241
ig6s.de,2026-05-21T08:52:07.926098
igze.de,2026-05-21T08:52:08.174544
ig65.de,2026-05-21T08:52:08.852113
ig1a.de,2026-05-21T08:52:09.168648
ig7h.de,2026-05-21T08:52:09.844810
ig1h.de,2026-05-21T08:52:10.179691
ig6h.de,2026-05-21T08:52:10.849016
ig10.de,2026-05-21T08:52:11.179991
ig7o.de,2026-05-21T08:52:11.848735
igyu.de,2026-05-21T08:52:12.184476
ig63.de,2026-05-21T08:52:12.853748
ig1w.de,2026-05-21T08:52:13.215179
ig7g.de,2026-05-21T08:52:13.862532
ig17.de,2026-05-21T08:52:14.768306
ig7a.de,2026-05-21T08:52:14.859796
ig14.de,2026-05-21T08:52:15.266540
ig7d.de,2026-05-21T08:52:15.867684
ig07.de,2026-05-21T08:52:16.189734
ig7w.de,2026-05-21T08:52:16.885909
ig1y.de,2026-05-21T08:52:17.205596
ig5l.de,2026-05-21T08:52:17.932894
ig2f.de,2026-05-21T08:52:18.198176
ig72.de,2026-05-21T08:52:18.972656
ig2a.de,2026-05-21T08:52:19.218925
ig55.de,2026-05-21T08:52:19.877583
ig1k.de,2026-05-21T08:52:20.205422
ig66.de,2026-05-21T08:52:20.880579
ig18.de,2026-05-21T08:52:21.208189
ig7m.de,2026-05-21T08:52:21.884122
ig1t.de,2026-05-21T08:52:22.221008
ig7n.de,2026-05-21T08:52:22.884411
igzf.de,2026-05-21T08:52:23.215309
ig7z.de,2026-05-21T08:52:23.888969
ig2j.de,2026-05-21T08:52:24.221096
ig8e.de,2026-05-21T08:52:24.889732
ig7t.de,2026-05-21T08:52:25.901277
ig1e.de,2026-05-21T08:52:35.069771
ig3l.de,2026-05-21T08:52:41.248770
ig8x.de,2026-05-21T08:52:42.857926
ig2n.de,2026-05-21T08:52:42.878323
ig0u.de,2026-05-21T08:52:43.993741
ig8m.de,2026-05-21T08:52:44.122372
ig3p.de,2026-05-21T08:52:45.023252
ig8c.de,2026-05-21T08:52:45.172751
ig22.de,2026-05-21T08:52:46.070590
ig84.de,2026-05-21T08:52:46.088413
ig74.de,2026-05-21T08:52:46.595938
ig3m.de,2026-05-21T08:52:47.249594
ig3w.de,2026-05-21T08:52:48.134192
ig81.de,2026-05-21T08:52:49.111974
ig3x.de,2026-05-21T08:52:49.316480
ig5q.de,2026-05-21T08:52:49.342494
ig9s.de,2026-05-21T08:52:50.764382
ig2p.de,2026-05-21T08:52:51.256688
ig9u.de,2026-05-21T08:52:51.770307
ig2z.de,2026-05-21T08:52:52.256268
ig31.de,2026-05-21T08:52:52.747636
ig9f.de,2026-05-21T08:52:52.767152
ig3q.de,2026-05-21T08:52:53.232542
ig1f.de,2026-05-21T08:52:53.254999
ig86.de,2026-05-21T08:52:53.770351
ig3u.de,2026-05-21T08:52:54.773636
ig2x.de,2026-05-21T08:52:54.776839
ig3c.de,2026-05-21T08:52:55.785714
ig9o.de,2026-05-21T08:52:55.785742
ig3i.de,2026-05-21T08:52:56.777015
ig8j.de,2026-05-21T08:52:56.784775
ig36.de,2026-05-21T08:52:57.783470
ig9x.de,2026-05-21T08:52:57.792738
ig9g.de,2026-05-21T08:52:58.820481
ig1c.de,2026-05-21T08:52:58.820566
ig3d.de,2026-05-21T08:52:59.875388
ig9h.de,2026-05-21T08:52:59.875517
ig98.de,2026-05-21T08:53:00.878994
igxs.de,2026-05-21T08:53:00.879115
ihaa.de,2026-05-21T08:53:01.799048
ig2y.de,2026-05-21T08:53:01.799298
ig9q.de,2026-05-21T08:53:02.800323
ig4r.de,2026-05-21T08:53:02.801001
ig4q.de,2026-05-21T08:53:03.804654
ihai.de,2026-05-21T08:53:03.804638
ig4y.de,2026-05-21T08:53:04.834460
ig76.de,2026-05-21T08:53:04.836174
ig4a.de,2026-05-21T08:53:05.808455
ihao.de,2026-05-21T08:53:05.809355
ig29.de,2026-05-21T08:53:06.816796
ig99.de,2026-05-21T08:53:06.816831
ig3z.de,2026-05-21T08:53:07.823950
ig9a.de,2026-05-21T08:53:07.824635
ihak.de,2026-05-21T08:53:08.829514
ig1m.de,2026-05-21T08:53:08.829984
ihaw.de,2026-05-21T08:53:09.830646
ig4b.de,2026-05-21T08:53:09.830567
ig4o.de,2026-05-21T08:53:10.879886
ig9y.de,2026-05-21T08:53:10.882066
ihau.de,2026-05-21T08:53:11.912264
ig5c.de,2026-05-21T08:53:11.912411
ig4m.de,2026-05-21T08:53:12.859464
ihah.de,2026-05-21T08:53:12.859585
ig21.de,2026-05-21T08:53:13.843472
ig93.de,2026-05-21T08:53:13.844854
ig4i.de,2026-05-21T08:53:14.841138
ig9t.de,2026-05-21T08:53:14.841299
ig80.de,2026-05-21T08:53:15.844254
ig4w.de,2026-05-21T08:53:15.844383
ig8n.de,2026-05-21T08:53:16.855717
ig5e.de,2026-05-21T08:53:16.856302
ig0b.de,2026-05-21T08:53:17.855344
ig8s.de,2026-05-21T08:53:17.857911
igx1.de,2026-05-21T08:53:18.853309
ig9z.de,2026-05-21T08:53:18.853401
iha1.de,2026-05-21T08:53:19.883630
ig5h.de,2026-05-21T08:53:19.886931
igzy.de,2026-05-21T08:53:20.860857
ihaf.de,2026-05-21T08:53:20.861233
ig4v.de,2026-05-21T08:53:21.898831
ig9p.de,2026-05-21T08:53:21.900389
ig5y.de,2026-05-21T08:53:22.954550
ig9e.de,2026-05-21T08:53:22.955266
ihas.de,2026-05-21T08:53:23.950574
ig5a.de,2026-05-21T08:53:23.950990
ihab.de,2026-05-21T08:53:24.874546
ig33.de,2026-05-21T08:53:24.874602
iha6.de,2026-05-21T08:53:25.876089
ig5m.de,2026-05-21T08:53:25.876775
ihbv.de,2026-05-21T08:53:30.905038
ig6h.de,2026-05-21T08:53:36.922124
ig41.de,2026-05-21T08:53:41.955866
ig6i.de,2026-05-21T08:53:42.983023
ihb6.de,2026-05-21T08:53:42.983830
ig6r.de,2026-05-21T08:53:43.987241
ig44.de,2026-05-21T08:53:43.987794
ig6o.de,2026-05-21T08:53:45.007051
iha3.de,2026-05-21T08:53:45.007624
ig53.de,2026-05-21T08:53:46.009696
ig88.de,2026-05-21T08:53:46.009844
ig56.de,2026-05-21T08:53:47.057708
ihcl.de,2026-05-21T08:53:47.058607
ig9r.de,2026-05-21T08:53:48.086596
ig67.de,2026-05-21T08:53:48.086999
ihae.de,2026-05-21T08:53:49.006928
ig4l.de,2026-05-21T08:53:49.009096
ihcw.de,2026-05-21T08:53:50.009316
ig7g.de,2026-05-21T08:53:50.009766
iha0.de,2026-05-21T08:53:51.016192
ig30.de,2026-05-21T08:53:51.016621
ig4z.de,2026-05-21T08:53:52.023909
ihc4.de,2026-05-21T08:53:52.026879
ihaz.de,2026-05-21T08:53:53.025428
ig5x.de,2026-05-21T08:53:53.046257
ig7f.de,2026-05-21T08:53:53.536873
ig6x.de,2026-05-21T08:53:54.048710
ihbw.de,2026-05-21T08:53:54.048965
ihbq.de,2026-05-21T08:53:55.031095
ig5o.de,2026-05-21T08:53:55.035571
ihcp.de,2026-05-21T08:53:56.026011
ig6p.de,2026-05-21T08:53:56.031412
ihdc.de,2026-05-21T08:53:57.030862
ig7t.de,2026-05-21T08:53:57.032780
ig5w.de,2026-05-21T08:53:58.080333
iha8.de,2026-05-21T08:53:58.080591
ig7u.de,2026-05-21T08:53:59.115974
ihc0.de,2026-05-21T08:53:59.118226
ihc8.de,2026-05-21T08:54:00.124158
ig6c.de,2026-05-21T08:54:00.161861
ig8v.de,2026-05-21T08:54:01.049265
ig7s.de,2026-05-21T08:54:01.064149
ihbt.de,2026-05-21T08:54:02.056727
ig7n.de,2026-05-21T08:54:02.058642
ihdi.de,2026-05-21T08:54:03.064890
ig7z.de,2026-05-21T08:54:03.070156
iha9.de,2026-05-21T08:54:04.081522
ig7d.de,2026-05-21T08:54:04.081927
ig60.de,2026-05-21T08:54:05.071058
ihcz.de,2026-05-21T08:54:05.070959
ihc1.de,2026-05-21T08:54:06.069081
ig52.de,2026-05-21T08:54:06.069190
ihdw.de,2026-05-21T08:54:07.068933
ig37.de,2026-05-21T08:54:07.070534
ihdx.de,2026-05-21T08:54:08.070238
ig71.de,2026-05-21T08:54:08.070424
ig8i.de,2026-05-21T08:54:09.082068
ihcf.de,2026-05-21T08:54:09.082045
ig40.de,2026-05-21T08:54:10.121912
ihbx.de,2026-05-21T08:54:10.122117
ihd6.de,2026-05-21T08:54:11.190224
ig63.de,2026-05-21T08:54:11.190426
ig3r.de,2026-05-21T08:54:12.202345
ihdy.de,2026-05-21T08:54:12.202808
ihdd.de,2026-05-21T08:54:13.110351
ig0s.de,2026-05-21T08:54:13.110513
ig72.de,2026-05-21T08:54:14.113896
ihdj.de,2026-05-21T08:54:14.114291
ihc5.de,2026-05-21T08:54:15.119454
ig8h.de,2026-05-21T08:54:15.119656
ig8w.de,2026-05-21T08:54:16.116026
ihdu.de,2026-05-21T08:54:16.116493
ihek.de,2026-05-21T08:54:17.127729
ig8m.de,2026-05-21T08:54:17.127672
iham.de,2026-05-21T08:54:18.157604
ig54.de,2026-05-21T08:54:18.158135
ihb1.de,2026-05-21T08:54:19.128391
ig66.de,2026-05-21T08:54:19.128501
ig76.de,2026-05-21T08:54:20.125715
ihet.de,2026-05-21T08:54:20.126524
ihdp.de,2026-05-21T08:54:21.135553
ig7v.de,2026-05-21T08:54:21.136271
ig8r.de,2026-05-21T08:54:22.186656
ihcx.de,2026-05-21T08:54:22.186971
ig91.de,2026-05-21T08:54:23.210081
ig87.de,2026-05-21T08:54:23.210145
ig7a.de,2026-05-21T08:54:24.149491
ihec.de,2026-05-21T08:54:24.237512
ig9c.de,2026-05-21T08:54:25.135176
ihdo.de,2026-05-21T08:54:25.142183
ig7c.de,2026-05-21T08:54:27.150000
ihev.de,2026-05-21T08:54:27.151383
ig69.de,2026-05-21T08:54:29.159567
ig8c.de,2026-05-21T08:54:29.159800
ig9j.de,2026-05-21T08:54:32.168241
ihdk.de,2026-05-21T08:54:38.197324
ihfv.de,2026-05-21T08:54:43.234344
ihd0.de,2026-05-21T08:54:44.246472
ig9h.de,2026-05-21T08:54:44.246571
ig9a.de,2026-05-21T08:54:45.254111
ig7i.de,2026-05-21T08:54:45.254226
ihab.de,2026-05-21T08:54:46.823052
iher.de,2026-05-21T08:54:46.823294
ihad.de,2026-05-21T08:54:47.831702
ihf2.de,2026-05-21T08:54:47.831636
ihf9.de,2026-05-21T08:54:48.749722
ihaa.de,2026-05-21T08:54:48.749881
ihga.de,2026-05-21T08:54:49.753766
ihae.de,2026-05-21T08:54:49.753849
ihfc.de,2026-05-21T08:54:50.262763
ig7k.de,2026-05-21T08:54:50.263247
ihgf.de,2026-05-21T08:54:51.854611
ig6y.de,2026-05-21T08:54:51.856087
ihf0.de,2026-05-21T08:54:52.795737
ig93.de,2026-05-21T08:54:52.803573
ihey.de,2026-05-21T08:54:53.800011
ig9u.de,2026-05-21T08:54:53.807134
ihar.de,2026-05-21T08:54:54.325440
ihbe.de,2026-05-21T08:54:54.805598
ihax.de,2026-05-21T08:54:54.809357
ig8n.de,2026-05-21T08:54:55.828427
ihde.de,2026-05-21T08:54:55.828783
ig99.de,2026-05-21T08:54:56.833295
ihbd.de,2026-05-21T08:54:56.834586
ig8b.de,2026-05-21T08:54:57.858029
ihai.de,2026-05-21T08:54:58.885169
ihd8.de,2026-05-21T08:54:58.885296
iheh.de,2026-05-21T08:54:59.912793
iha2.de,2026-05-21T08:54:59.914775
ihfd.de,2026-05-21T08:55:00.824463
ig74.de,2026-05-21T08:55:00.825691
ig81.de,2026-05-21T08:55:01.836397
ihf8.de,2026-05-21T08:55:01.837123
ihfh.de,2026-05-21T08:55:02.827258
ihao.de,2026-05-21T08:55:02.868800
ihe7.de,2026-05-21T08:55:03.832302
ihal.de,2026-05-21T08:55:03.834585
ihgj.de,2026-05-21T08:55:04.838070
ig61.de,2026-05-21T08:55:04.838069
ihgv.de,2026-05-21T08:55:05.838302
ig9y.de,2026-05-21T08:55:05.841681
ihau.de,2026-05-21T08:55:06.851655
ihez.de,2026-05-21T08:55:06.852267
ihgx.de,2026-05-21T08:55:07.852540
iha5.de,2026-05-21T08:55:07.852499
ihgn.de,2026-05-21T08:55:08.840780
ihbs.de,2026-05-21T08:55:08.850966
ihf3.de,2026-05-21T08:55:09.899594
ihaz.de,2026-05-21T08:55:09.900331
ihfm.de,2026-05-21T08:55:10.939972
ihbv.de,2026-05-21T08:55:10.940539
ihfi.de,2026-05-21T08:55:11.985787
ig9d.de,2026-05-21T08:55:11.985801
ihe4.de,2026-05-21T08:55:12.897050
ihbr.de,2026-05-21T08:55:12.897486
ihg4.de,2026-05-21T08:55:14.132233
ihbb.de,2026-05-21T08:55:14.160147
ig9x.de,2026-05-21T08:55:14.992083
ihgz.de,2026-05-21T08:55:15.090019
ihb5.de,2026-05-21T08:55:16.002735
ihgh.de,2026-05-21T08:55:16.003731
ig5n.de,2026-05-21T08:55:17.022660
ihfp.de,2026-05-21T08:55:17.034731
ihcb.de,2026-05-21T08:55:17.995887
ihhd.de,2026-05-21T08:55:18.012467
ihca.de,2026-05-21T08:55:18.998554
ihhu.de,2026-05-21T08:55:19.017521
ig7o.de,2026-05-21T08:55:20.001194
ihfl.de,2026-05-21T08:55:20.019278
ihbo.de,2026-05-21T08:55:21.015076
ihg6.de,2026-05-21T08:55:21.022107
ihcc.de,2026-05-21T08:55:22.017377
ihhe.de,2026-05-21T08:55:22.021178
ihat.de,2026-05-21T08:55:23.031077
ihg3.de,2026-05-21T08:55:23.060972
ihcd.de,2026-05-21T08:55:24.047823
ihh9.de,2026-05-21T08:55:24.047816
ig97.de,2026-05-21T08:55:25.100377
ihid.de,2026-05-21T08:55:25.100970
ig8d.de,2026-05-21T08:55:26.099119
ihht.de,2026-05-21T08:55:26.120825
ig9g.de,2026-05-21T08:55:27.019338
ihhk.de,2026-05-21T08:55:27.039159
ihcv.de,2026-05-21T08:55:28.026354
ihg2.de,2026-05-21T08:55:28.047078
ihgw.de,2026-05-21T08:55:33.057271
ihaw.de,2026-05-21T08:55:36.103659
ihif.de,2026-05-21T08:55:36.103769
ihi5.de,2026-05-21T08:55:43.099866
ihi3.de,2026-05-21T08:55:45.103513
ihb0.de,2026-05-21T08:55:46.089773
ihjh.de,2026-05-21T08:55:46.111284
ihhp.de,2026-05-21T08:55:47.109413
ihc2.de,2026-05-21T08:55:47.109878
ihav.de,2026-05-21T08:55:48.162063
ihjb.de,2026-05-21T08:55:48.163376
ihb9.de,2026-05-21T08:55:49.191780
ihir.de,2026-05-21T08:55:49.192462
iha4.de,2026-05-21T08:55:50.117854
ihi7.de,2026-05-21T08:55:50.219805
ihdp.de,2026-05-21T08:55:51.111316
ihix.de,2026-05-21T08:55:51.143934
ihcr.de,2026-05-21T08:55:52.111670
ihin.de,2026-05-21T08:55:52.150259
ihc8.de,2026-05-21T08:55:53.135314
ihi8.de,2026-05-21T08:55:53.157995
ihh8.de,2026-05-21T08:55:54.157057
ihd6.de,2026-05-21T08:55:54.414277
ihd2.de,2026-05-21T08:55:55.129291
ihgd.de,2026-05-21T08:55:55.154975
ihf4.de,2026-05-21T08:55:55.679354
ihj1.de,2026-05-21T08:55:56.170319
ihb2.de,2026-05-21T08:55:57.129787
ihh3.de,2026-05-21T08:55:57.164358
ihck.de,2026-05-21T08:55:58.131978
ihj7.de,2026-05-21T08:55:58.171774
ihdm.de,2026-05-21T08:55:59.149653
ihd0.de,2026-05-21T08:55:59.171071
ihjq.de,2026-05-21T08:55:59.171108
ihiz.de,2026-05-21T08:56:00.242255
ihcl.de,2026-05-21T08:56:00.245453
iheg.de,2026-05-21T08:56:01.225401
ihip.de,2026-05-21T08:56:01.246289
ihdv.de,2026-05-21T08:56:02.142115
ihjc.de,2026-05-21T08:56:02.169451
iheb.de,2026-05-21T08:56:03.143959
ihjp.de,2026-05-21T08:56:03.169588
ihdx.de,2026-05-21T08:56:04.156273
ihhr.de,2026-05-21T08:56:04.174312
iher.de,2026-05-21T08:56:05.156418
ihi6.de,2026-05-21T08:56:05.180435
ihep.de,2026-05-21T08:56:06.152946
ihii.de,2026-05-21T08:56:06.185769
ihdy.de,2026-05-21T08:56:07.186828
ihkl.de,2026-05-21T08:56:07.192785
ihe3.de,2026-05-21T08:56:08.167511
ihjw.de,2026-05-21T08:56:08.186276
ihcj.de,2026-05-21T08:56:09.163472
ihg5.de,2026-05-21T08:56:09.192009
ihcq.de,2026-05-21T08:56:10.188390
ihkr.de,2026-05-21T08:56:10.201769
ihcy.de,2026-05-21T08:56:11.233479
ihj8.de,2026-05-21T08:56:11.233876
ihdz.de,2026-05-21T08:56:12.758985
ihhn.de,2026-05-21T08:56:12.786291
ihe1.de,2026-05-21T08:56:13.173282
ihke.de,2026-05-21T08:56:13.285256
iheo.de,2026-05-21T08:56:14.204170
ihkx.de,2026-05-21T08:56:14.237996
iheh.de,2026-05-21T08:56:15.189451
ihkz.de,2026-05-21T08:56:15.223541
ihe5.de,2026-05-21T08:56:16.250482
ihj5.de,2026-05-21T08:56:16.256807
ihec.de,2026-05-21T08:56:17.234604
ihjs.de,2026-05-21T08:56:17.265002
ihak.de,2026-05-21T08:56:18.198803
ihkt.de,2026-05-21T08:56:18.216855
ihe6.de,2026-05-21T08:56:19.192463
ihki.de,2026-05-21T08:56:19.222734
ihd1.de,2026-05-21T08:56:20.194340
ihex.de,2026-05-21T08:56:20.227811
ihfb.de,2026-05-21T08:56:21.195718
ihkq.de,2026-05-21T08:56:21.227839
ihk0.de,2026-05-21T08:56:22.242265
ihfm.de,2026-05-21T08:56:22.245079
ihey.de,2026-05-21T08:56:23.792847
ihkw.de,2026-05-21T08:56:23.811907
iheq.de,2026-05-21T08:56:24.296016
ihlj.de,2026-05-21T08:56:24.818463
ihfr.de,2026-05-21T08:56:25.209860
ihlm.de,2026-05-21T08:56:25.247728
ihli.de,2026-05-21T08:56:26.953083
ihf3.de,2026-05-21T08:56:26.953255
ihez.de,2026-05-21T08:56:27.989400
ihkm.de,2026-05-21T08:56:28.027582
ihe0.de,2026-05-21T08:56:28.844185
ihlu.de,2026-05-21T08:56:28.852137
ihma.de,2026-05-21T08:56:36.939929
ihgo.de,2026-05-21T08:56:37.158338
ihg1.de,2026-05-21T08:56:45.267886
ihgu.de,2026-05-21T08:56:46.178324
ihl6.de,2026-05-21T08:56:46.969269
iheu.de,2026-05-21T08:56:47.182043
ihmr.de,2026-05-21T08:56:47.979453
ihgx.de,2026-05-21T08:56:48.181375
ihl3.de,2026-05-21T08:56:48.984024
ihha.de,2026-05-21T08:56:49.182586
ihmm.de,2026-05-21T08:56:50.022246
ihe7.de,2026-05-21T08:56:50.188498
ihl7.de,2026-05-21T08:56:51.094815
ihg3.de,2026-05-21T08:56:51.198929
ihm5.de,2026-05-21T08:56:51.988940
ihg5.de,2026-05-21T08:56:52.193233
ihmy.de,2026-05-21T08:56:53.003109
ihgw.de,2026-05-21T08:56:53.208976
ihmz.de,2026-05-21T08:56:53.995816
ihhi.de,2026-05-21T08:56:54.220320
ihlx.de,2026-05-21T08:56:54.999210
ihhp.de,2026-05-21T08:56:55.795445
ihln.de,2026-05-21T08:56:56.001265
ihm8.de,2026-05-21T08:56:56.503136
ihfa.de,2026-05-21T08:56:56.804394
ihgp.de,2026-05-21T08:56:57.005761
ihgv.de,2026-05-21T08:56:57.212654
ihmx.de,2026-05-21T08:56:58.007102
ihhr.de,2026-05-21T08:56:58.212561
ihjj.de,2026-05-21T08:56:59.021044
ihgz.de,2026-05-21T08:56:59.222312
ihnj.de,2026-05-21T08:57:00.017790
ihg8.de,2026-05-21T08:57:00.233743
ihju.de,2026-05-21T08:57:01.048082
ihhe.de,2026-05-21T08:57:01.234954
ihms.de,2026-05-21T08:57:02.099482
ihgl.de,2026-05-21T08:57:02.258440
ihl2.de,2026-05-21T08:57:03.127898
ihej.de,2026-05-21T08:57:03.239541
ihm9.de,2026-05-21T08:57:04.033087
ihdn.de,2026-05-21T08:57:04.248198
ihmq.de,2026-05-21T08:57:05.036785
ihhq.de,2026-05-21T08:57:05.248357
ihnp.de,2026-05-21T08:57:06.037874
ihcx.de,2026-05-21T08:57:06.803387
ihkv.de,2026-05-21T08:57:07.040965
ihgg.de,2026-05-21T08:57:07.855268
ihml.de,2026-05-21T08:57:08.046919
ihhf.de,2026-05-21T08:57:08.767510
ihmg.de,2026-05-21T08:57:09.050206
ihfw.de,2026-05-21T08:57:09.787126
ihnc.de,2026-05-21T08:57:10.051149
ihhw.de,2026-05-21T08:57:10.778982
ihnt.de,2026-05-21T08:57:11.062057
ihie.de,2026-05-21T08:57:11.810848
ihn7.de,2026-05-21T08:57:12.053089
ihf5.de,2026-05-21T08:57:12.788981
ihn2.de,2026-05-21T08:57:13.110176
ihf4.de,2026-05-21T08:57:13.790523
ihny.de,2026-05-21T08:57:14.147180
ihhh.de,2026-05-21T08:57:14.792235
ihn8.de,2026-05-21T08:57:15.155777
ihhk.de,2026-05-21T08:57:15.805955
ihnw.de,2026-05-21T08:57:16.081730
ihh9.de,2026-05-21T08:57:16.803734
ihnb.de,2026-05-21T08:57:17.073795
ihik.de,2026-05-21T08:57:17.834196
ihno.de,2026-05-21T08:57:18.080452
ihhy.de,2026-05-21T08:57:18.888999
ihkn.de,2026-05-21T08:57:19.111268
ihii.de,2026-05-21T08:57:20.001383
ihop.de,2026-05-21T08:57:20.108276
ihis.de,2026-05-21T08:57:21.038161
ihmw.de,2026-05-21T08:57:21.131180
ihin.de,2026-05-21T08:57:21.852506
ihni.de,2026-05-21T08:57:22.103039
ihfe.de,2026-05-21T08:57:22.885969
ihnn.de,2026-05-21T08:57:23.093967
ihh7.de,2026-05-21T08:57:23.832648
ihok.de,2026-05-21T08:57:24.103434
ihex.de,2026-05-21T08:57:24.847193
ihf7.de,2026-05-21T08:57:25.154736
ihi8.de,2026-05-21T08:57:25.840536
ihox.de,2026-05-21T08:57:26.191376
ihi4.de,2026-05-21T08:57:26.873534
ihh0.de,2026-05-21T08:57:27.109415
ihh3.de,2026-05-21T08:57:27.853539
ihos.de,2026-05-21T08:57:28.107046
ihih.de,2026-05-21T08:57:28.835586
ihk6.de,2026-05-21T08:57:29.107158
ihid.de,2026-05-21T08:57:29.871711
ihnv.de,2026-05-21T08:57:30.111229
ihjm.de,2026-05-21T08:57:34.876993
ihpd.de,2026-05-21T08:57:35.174401
iho4.de,2026-05-21T08:57:38.220322
ihmn.de,2026-05-21T08:57:41.153996
ihof.de,2026-05-21T08:57:47.180284
ihgq.de,2026-05-21T08:57:47.919289
ihow.de,2026-05-21T08:57:48.225498
ihf0.de,2026-05-21T08:57:48.921094
ihpv.de,2026-05-21T08:57:49.256561
ihjo.de,2026-05-21T08:57:49.927759
iho3.de,2026-05-21T08:57:50.174737
ihj9.de,2026-05-21T08:57:50.920986
ihpe.de,2026-05-21T08:57:51.182106
ihkk.de,2026-05-21T08:57:51.932320
ihp0.de,2026-05-21T08:57:52.179848
ihj7.de,2026-05-21T08:57:52.962970
ihp4.de,2026-05-21T08:57:53.194959
ihj6.de,2026-05-21T08:57:54.001332
ihpt.de,2026-05-21T08:57:54.191459
ihkz.de,2026-05-21T08:57:55.019880
ihm6.de,2026-05-21T08:57:55.196580
ihj8.de,2026-05-21T08:57:55.934085
ihpy.de,2026-05-21T08:57:56.202226
ihjt.de,2026-05-21T08:57:56.953945
ihoa.de,2026-05-21T08:57:57.203069
ihnu.de,2026-05-21T08:57:57.712250
ihks.de,2026-05-21T08:57:57.970814
ihqi.de,2026-05-21T08:57:58.208361
ihj1.de,2026-05-21T08:57:58.950484
ihmt.de,2026-05-21T08:57:59.230213
ihkv.de,2026-05-21T08:57:59.967172
ihpu.de,2026-05-21T08:58:00.810806
ihjg.de,2026-05-21T08:58:00.955776
ihpj.de,2026-05-21T08:58:01.817843
ihjy.de,2026-05-21T08:58:01.968755
ihqw.de,2026-05-21T08:58:02.230513
ihi3.de,2026-05-21T08:58:02.960916
ihqe.de,2026-05-21T08:58:03.225615
ihlb.de,2026-05-21T08:58:03.984903
ihq1.de,2026-05-21T08:58:04.229634
ihlh.de,2026-05-21T08:58:05.000373
ihq0.de,2026-05-21T08:58:05.228663
ihld.de,2026-05-21T08:58:06.045736
ihqt.de,2026-05-21T08:58:06.231904
ihkt.de,2026-05-21T08:58:07.058766
ihqx.de,2026-05-21T08:58:07.240779
ihkl.de,2026-05-21T08:58:07.976928
ihpo.de,2026-05-21T08:58:08.239758
ihkq.de,2026-05-21T08:58:08.982610
ihq9.de,2026-05-21T08:58:09.246185
ihk8.de,2026-05-21T08:58:09.987268
ihqu.de,2026-05-21T08:58:10.245175
ihk4.de,2026-05-21T08:58:10.984309
ihqf.de,2026-05-21T08:58:11.834127
ihk7.de,2026-05-21T08:58:12.002593
ihqo.de,2026-05-21T08:58:12.851088
ihk6.de,2026-05-21T08:58:12.998690
ihrf.de,2026-05-21T08:58:13.767704
ihlu.de,2026-05-21T08:58:13.999049
ihq2.de,2026-05-21T08:58:14.772685
ihl2.de,2026-05-21T08:58:14.999961
ihlp.de,2026-05-21T08:58:16.007148
ihqz.de,2026-05-21T08:58:16.764943
ihk1.de,2026-05-21T08:58:17.054064
ihru.de,2026-05-21T08:58:17.780170
ihll.de,2026-05-21T08:58:18.091240
ihl1.de,2026-05-21T08:58:18.591748
ihnq.de,2026-05-21T08:58:18.791102
ihle.de,2026-05-21T08:58:19.114576
ihol.de,2026-05-21T08:58:19.782577
ihky.de,2026-05-21T08:58:20.016467
ihqv.de,2026-05-21T08:58:20.792479
ihj5.de,2026-05-21T08:58:21.020086
ihro.de,2026-05-21T08:58:21.793368
ihlv.de,2026-05-21T08:58:22.026678
ihqh.de,2026-05-21T08:58:22.823344
ihmj.de,2026-05-21T08:58:23.025020
ihr2.de,2026-05-21T08:58:23.874209
ihln.de,2026-05-21T08:58:24.031647
ihq6.de,2026-05-21T08:58:24.887457
ihmd.de,2026-05-21T08:58:25.034565
ihqp.de,2026-05-21T08:58:25.812041
ihko.de,2026-05-21T08:58:26.057339
ihnl.de,2026-05-21T08:58:26.811464
ihj3.de,2026-05-21T08:58:27.043371
ihq7.de,2026-05-21T08:58:27.816004
ihmb.de,2026-05-21T08:58:28.068568
ihr5.de,2026-05-21T08:58:28.806699
ihmg.de,2026-05-21T08:58:29.117995
ihrp.de,2026-05-21T08:58:29.812262
ihj2.de,2026-05-21T08:58:30.127083
ihr3.de,2026-05-21T08:58:30.815723
ihmm.de,2026-05-21T08:58:31.053252
ihrx.de,2026-05-21T08:58:35.918114
ihmi.de,2026-05-21T08:58:36.077390
ihk0.de,2026-05-21T08:58:39.079398
ihnk.de,2026-05-21T08:58:42.092086
ihnf.de,2026-05-21T08:58:48.113119
ihsl.de,2026-05-21T08:58:48.903379
ihm9.de,2026-05-21T08:58:49.123950
ihsw.de,2026-05-21T08:58:49.877155
ihnm.de,2026-05-21T08:58:50.122306
ihqq.de,2026-05-21T08:58:50.883954
ihno.de,2026-05-21T08:58:51.138091
ihsi.de,2026-05-21T08:58:51.886926
ihnu.de,2026-05-21T08:58:52.189486
ihsd.de,2026-05-21T08:58:52.899077
ihk2.de,2026-05-21T08:58:53.239632
ihs4.de,2026-05-21T08:58:53.894292
ihmt.de,2026-05-21T08:58:54.243715
ihtt.de,2026-05-21T08:58:54.895527
ihmh.de,2026-05-21T08:58:55.164309
ihso.de,2026-05-21T08:58:55.929124
ihli.de,2026-05-21T08:58:56.167047
ihti.de,2026-05-21T08:58:56.910409
ihne.de,2026-05-21T08:58:57.168193
ihtu.de,2026-05-21T08:58:57.959600
ihn6.de,2026-05-21T08:58:58.178141
ihnv.de,2026-05-21T08:58:58.678767
iho0.de,2026-05-21T08:58:59.025525
ihnt.de,2026-05-21T08:58:59.180364
ihry.de,2026-05-21T08:58:59.910153
ihol.de,2026-05-21T08:59:00.187487
ihsz.de,2026-05-21T08:59:00.948040
ihk3.de,2026-05-21T08:59:01.188760
ihpg.de,2026-05-21T08:59:01.948362
ihn9.de,2026-05-21T08:59:02.181359
ihtk.de,2026-05-21T08:59:02.944949
ihnr.de,2026-05-21T08:59:03.197154
ihtb.de,2026-05-21T08:59:03.950974
ihn0.de,2026-05-21T08:59:04.253557
iht6.de,2026-05-21T08:59:04.981355
ihoc.de,2026-05-21T08:59:05.799406
ihug.de,2026-05-21T08:59:05.965507
ihop.de,2026-05-21T08:59:06.304671
ihtd.de,2026-05-21T08:59:06.974021
ihod.de,2026-05-21T08:59:07.203611
iht0.de,2026-05-21T08:59:07.976519
ihl3.de,2026-05-21T08:59:08.208395
ihud.de,2026-05-21T08:59:08.995368
ihm0.de,2026-05-21T08:59:09.207786
ihto.de,2026-05-21T08:59:10.012770
ihmw.de,2026-05-21T08:59:10.212363
ihsy.de,2026-05-21T08:59:11.057475
ihoy.de,2026-05-21T08:59:11.222599
ihtz.de,2026-05-21T08:59:12.067348
ihl5.de,2026-05-21T08:59:12.259072
ihp1.de,2026-05-21T08:59:12.982395
ihmn.de,2026-05-21T08:59:13.232523
ihuf.de,2026-05-21T08:59:13.986356
iho5.de,2026-05-21T08:59:14.256709
ihtg.de,2026-05-21T08:59:14.989464
ihnx.de,2026-05-21T08:59:15.255312
ihui.de,2026-05-21T08:59:16.038605
ihnd.de,2026-05-21T08:59:16.831072
ihu6.de,2026-05-21T08:59:16.992052
ihns.de,2026-05-21T08:59:17.833573
ihuo.de,2026-05-21T08:59:18.003194
ihow.de,2026-05-21T08:59:18.246353
ihul.de,2026-05-21T08:59:19.005525
ihn3.de,2026-05-21T08:59:19.243787
ihu2.de,2026-05-21T08:59:20.020194
ihpd.de,2026-05-21T08:59:20.251047
ihuq.de,2026-05-21T08:59:21.050655
ihm1.de,2026-05-21T08:59:21.759084
ihvg.de,2026-05-21T08:59:22.101632
ihni.de,2026-05-21T08:59:22.761517
ihu9.de,2026-05-21T08:59:23.096087
ihog.de,2026-05-21T08:59:23.782720
ihsr.de,2026-05-21T08:59:24.022694
ihou.de,2026-05-21T08:59:24.768776
ihs0.de,2026-05-21T08:59:25.021685
ihn4.de,2026-05-21T08:59:25.781604
ihu1.de,2026-05-21T08:59:26.023075
ihpz.de,2026-05-21T08:59:26.786630
ihva.de,2026-05-21T08:59:27.027880
ihmp.de,2026-05-21T08:59:27.844690
ihuj.de,2026-05-21T08:59:28.032224
ihpp.de,2026-05-21T08:59:28.866909
ihvr.de,2026-05-21T08:59:29.074103
ihiz.de,2026-05-21T08:59:29.784934
ihrv.de,2026-05-21T08:59:30.067787
ihqa.de,2026-05-21T08:59:30.800635
ihnz.de,2026-05-21T08:59:31.049016
ihpq.de,2026-05-21T08:59:31.801480
ihun.de,2026-05-21T08:59:32.038851
ihoa.de,2026-05-21T08:59:36.822543
iht8.de,2026-05-21T08:59:37.061643
ihuv.de,2026-05-21T08:59:40.089900
ihtj.de,2026-05-21T08:59:43.091049
ihvu.de,2026-05-21T08:59:49.118348
ihq0.de,2026-05-21T08:59:49.857892
ihwk.de,2026-05-21T08:59:50.136749
ihpy.de,2026-05-21T08:59:50.927572
iht9.de,2026-05-21T08:59:51.134118
ihre.de,2026-05-21T08:59:51.936732
ihrd.de,2026-05-21T08:59:52.152516
ihp2.de,2026-05-21T08:59:52.863053
ihwx.de,2026-05-21T08:59:53.208792
ihqd.de,2026-05-21T08:59:53.875534
ihwd.de,2026-05-21T08:59:54.208227
ihq8.de,2026-05-21T08:59:54.866048
ihw9.de,2026-05-21T08:59:55.132553
ihpk.de,2026-05-21T08:59:55.883953
iht5.de,2026-05-21T08:59:56.160998
ihq7.de,2026-05-21T08:59:56.881022
ihxa.de,2026-05-21T08:59:57.196464
ihrj.de,2026-05-21T08:59:57.915015
ihwu.de,2026-05-21T08:59:58.231161
ihq9.de,2026-05-21T08:59:58.999192
ihwy.de,2026-05-21T08:59:59.262096
ihw4.de,2026-05-21T08:59:59.653552
ihp5.de,2026-05-21T08:59:59.880866
ihvh.de,2026-05-21T09:00:00.149552
ihrk.de,2026-05-21T09:00:00.901782
ihts.de,2026-05-21T09:00:01.160482
ihpw.de,2026-05-21T09:00:01.925281
ihwb.de,2026-05-21T09:00:02.159868
ihrs.de,2026-05-21T09:00:02.965847
ihww.de,2026-05-21T09:00:03.163701
ihr4.de,2026-05-21T09:00:03.995211
ihwa.de,2026-05-21T09:00:04.217289
ihp3.de,2026-05-21T09:00:04.920884
ihw6.de,2026-05-21T09:00:05.777748
ihqs.de,2026-05-21T09:00:05.911858
ihxf.de,2026-05-21T09:00:06.273110
ihmu.de,2026-05-21T09:00:06.925348
ihxl.de,2026-05-21T09:00:07.189174
ihq1.de,2026-05-21T09:00:07.925947
ihxi.de,2026-05-21T09:00:08.225091
ihra.de,2026-05-21T09:00:08.926747
ihxw.de,2026-05-21T09:00:09.771236
ihrc.de,2026-05-21T09:00:09.971594
ihw1.de,2026-05-21T09:00:10.786789
ihr0.de,2026-05-21T09:00:10.996720
ihv9.de,2026-05-21T09:00:11.203593
ihrt.de,2026-05-21T09:00:11.966095
ihtv.de,2026-05-21T09:00:12.227137
ihrz.de,2026-05-21T09:00:12.938044
ihxu.de,2026-05-21T09:00:13.202924
ihrd.de,2026-05-21T09:00:13.971602
ihvz.de,2026-05-21T09:00:14.208633
iho4.de,2026-05-21T09:00:15.025057
ihw2.de,2026-05-21T09:00:15.213316
ihoo.de,2026-05-21T09:00:16.029451
ihum.de,2026-05-21T09:00:16.222015
ihsn.de,2026-05-21T09:00:16.966781
ihv5.de,2026-05-21T09:00:17.226172
ihpc.de,2026-05-21T09:00:17.962522
ihxq.de,2026-05-21T09:00:18.219905
ihse.de,2026-05-21T09:00:18.961389
ihyd.de,2026-05-21T09:00:19.223869
ihsa.de,2026-05-21T09:00:19.958353
ihw5.de,2026-05-21T09:00:20.794163
ihst.de,2026-05-21T09:00:20.970618
ihyk.de,2026-05-21T09:00:21.839891
ihsc.de,2026-05-21T09:00:21.979361
ihx1.de,2026-05-21T09:00:22.325752
ihr2.de,2026-05-21T09:00:22.976330
ihyq.de,2026-05-21T09:00:23.242532
ihqu.de,2026-05-21T09:00:23.987858
ihtx.de,2026-05-21T09:00:24.249387
ihr3.de,2026-05-21T09:00:24.987648
ihxz.de,2026-05-21T09:00:25.246766
ihs3.de,2026-05-21T09:00:26.037788
ihuu.de,2026-05-21T09:00:26.752867
ihlg.de,2026-05-21T09:00:27.075838
ihxy.de,2026-05-21T09:00:27.254711
ihsf.de,2026-05-21T09:00:27.992541
ihx6.de,2026-05-21T09:00:28.256942
ihqt.de,2026-05-21T09:00:28.992164
ihyp.de,2026-05-21T09:00:29.767211
ihs4.de,2026-05-21T09:00:29.992108
ihxd.de,2026-05-21T09:00:30.766155
ihtm.de,2026-05-21T09:00:30.999238
ihym.de,2026-05-21T09:00:31.799732
ihsw.de,2026-05-21T09:00:32.007560
ihxv.de,2026-05-21T09:00:32.856288
ihsy.de,2026-05-21T09:00:33.018701
ihy6.de,2026-05-21T09:00:37.800105
ihsj.de,2026-05-21T09:00:38.092046
ihqf.de,2026-05-21T09:00:41.032500
ihtb.de,2026-05-21T09:00:44.049815
ihud.de,2026-05-21T09:00:50.157170
ihxr.de,2026-05-21T09:00:50.866643
ihun.de,2026-05-21T09:00:51.159119
ihy7.de,2026-05-21T09:00:51.922464
iht0.de,2026-05-21T09:00:52.074904
ihzd.de,2026-05-21T09:00:52.971454
ihuq.de,2026-05-21T09:00:53.084142
ih0h.de,2026-05-21T09:00:53.848776
ihtv.de,2026-05-21T09:00:54.089285
ihzt.de,2026-05-21T09:00:54.892155
ihtz.de,2026-05-21T09:00:55.076199
ih0g.de,2026-05-21T09:00:55.923842
ihpu.de,2026-05-21T09:00:56.110127
ihzw.de,2026-05-21T09:00:56.957070
ihtc.de,2026-05-21T09:00:57.160532
ihzm.de,2026-05-21T09:00:57.863267
ihux.de,2026-05-21T09:00:58.169051
ihy1.de,2026-05-21T09:00:58.871382
ihtg.de,2026-05-21T09:00:59.100497
ihz8.de,2026-05-21T09:00:59.883627
ihu1.de,2026-05-21T09:01:00.114820
ihui.de,2026-05-21T09:01:00.646160
ihyo.de,2026-05-21T09:01:00.872555
ihth.de,2026-05-21T09:01:01.167481
ih0b.de,2026-05-21T09:01:01.889559
ihtn.de,2026-05-21T09:01:02.199884
ih0c.de,2026-05-21T09:01:02.936168
ihs0.de,2026-05-21T09:01:03.115369
ihzn.de,2026-05-21T09:01:03.958129
ihsl.de,2026-05-21T09:01:04.121138
ih01.de,2026-05-21T09:01:04.882118
ihvd.de,2026-05-21T09:01:05.121458
ih05.de,2026-05-21T09:01:05.887667
ihss.de,2026-05-21T09:01:06.122357
ih0z.de,2026-05-21T09:01:06.929320
ihuc.de,2026-05-21T09:01:07.131477
ihx4.de,2026-05-21T09:01:07.980669
ihs9.de,2026-05-21T09:01:08.178836
ih0u.de,2026-05-21T09:01:08.988323
ihvc.de,2026-05-21T09:01:09.220150
ihz5.de,2026-05-21T09:01:09.898494
ihz3.de,2026-05-21T09:01:10.906757
ihtl.de,2026-05-21T09:01:11.153000
ihy4.de,2026-05-21T09:01:11.909224
ihs8.de,2026-05-21T09:01:12.175975
ih06.de,2026-05-21T09:01:12.928140
ihus.de,2026-05-21T09:01:13.231095
ih0q.de,2026-05-21T09:01:13.917792
ihuu.de,2026-05-21T09:01:14.265383
ih1b.de,2026-05-21T09:01:14.916543
ihuo.de,2026-05-21T09:01:15.288598
ih1d.de,2026-05-21T09:01:15.939129
ihrg.de,2026-05-21T09:01:16.183926
ihx7.de,2026-05-21T09:01:16.948016
ihvu.de,2026-05-21T09:01:17.192192
ih0o.de,2026-05-21T09:01:17.952905
ihvn.de,2026-05-21T09:01:18.192154
ih1x.de,2026-05-21T09:01:18.989162
ihv0.de,2026-05-21T09:01:19.191832
ih1w.de,2026-05-21T09:01:20.018483
ihu7.de,2026-05-21T09:01:20.196653
ihzg.de,2026-05-21T09:01:20.938976
ihvj.de,2026-05-21T09:01:21.198360
ih04.de,2026-05-21T09:01:21.938803
ihvq.de,2026-05-21T09:01:22.220680
ihx0.de,2026-05-21T09:01:22.964770
ihv7.de,2026-05-21T09:01:23.212864
ih0r.de,2026-05-21T09:01:23.951413
ihvb.de,2026-05-21T09:01:24.248754
ih1s.de,2026-05-21T09:01:24.953964
ihwn.de,2026-05-21T09:01:25.810226
ih0v.de,2026-05-21T09:01:25.963058
ihrx.de,2026-05-21T09:01:26.839216
ih1n.de,2026-05-21T09:01:26.969085
ihul.de,2026-05-21T09:01:27.752290
ih1r.de,2026-05-21T09:01:27.966055
ihwp.de,2026-05-21T09:01:28.257239
ih0y.de,2026-05-21T09:01:28.985370
ihqe.de,2026-05-21T09:01:29.252250
ih1u.de,2026-05-21T09:01:29.995257
ihtt.de,2026-05-21T09:01:30.764459
ih2j.de,2026-05-21T09:01:31.049932
ihvp.de,2026-05-21T09:01:31.778469
ihy9.de,2026-05-21T09:01:32.054923
ihwv.de,2026-05-21T09:01:32.820703
ih09.de,2026-05-21T09:01:32.996787
ihwi.de,2026-05-21T09:01:33.840321
ihvm.de,2026-05-21T09:01:33.993955
ihtd.de,2026-05-21T09:01:38.872057
ih21.de,2026-05-21T09:01:39.083490
ihz9.de,2026-05-21T09:01:42.086375
ih08.de,2026-05-21T09:01:45.195329
ih0x.de,2026-05-21T09:01:51.147213
ihx3.de,2026-05-21T09:01:51.986231
ih3p.de,2026-05-21T09:01:52.168666
iht6.de,2026-05-21T09:01:52.918047
ih2w.de,2026-05-21T09:01:53.086370
ihxt.de,2026-05-21T09:01:53.928803
ih0m.de,2026-05-21T09:01:54.113615
ihxh.de,2026-05-21T09:01:54.920581
ih3x.de,2026-05-21T09:01:55.139305
ihxr.de,2026-05-21T09:01:55.916721
ih1h.de,2026-05-21T09:01:56.189922
ihsi.de,2026-05-21T09:01:56.927658
ih3q.de,2026-05-21T09:01:57.089240
ihyf.de,2026-05-21T09:01:57.925304
ih3o.de,2026-05-21T09:01:58.086711
ihw7.de,2026-05-21T09:01:58.932673
ih3k.de,2026-05-21T09:01:59.086871
ihx8.de,2026-05-21T09:01:59.933877
ih00.de,2026-05-21T09:02:00.094939
ihwf.de,2026-05-21T09:02:00.941081
ih3v.de,2026-05-21T09:02:01.092965
ih23.de,2026-05-21T09:02:01.602168
ihw1.de,2026-05-21T09:02:01.980586
ih3r.de,2026-05-21T09:02:02.096075
ihwz.de,2026-05-21T09:02:03.027607
ih4d.de,2026-05-21T09:02:03.100465
ihyj.de,2026-05-21T09:02:04.037361
ihz1.de,2026-05-21T09:02:04.112257
ihxv.de,2026-05-21T09:02:04.945546
ih3y.de,2026-05-21T09:02:05.125463
ihyl.de,2026-05-21T09:02:05.956076
ih4j.de,2026-05-21T09:02:06.169869
ihxg.de,2026-05-21T09:02:06.962373
ih3g.de,2026-05-21T09:02:07.212684
ihxl.de,2026-05-21T09:02:07.957000
ih0t.de,2026-05-21T09:02:08.121746
ihyu.de,2026-05-21T09:02:08.988778
ih36.de,2026-05-21T09:02:09.129512
ihyr.de,2026-05-21T09:02:09.970112
ih3h.de,2026-05-21T09:02:10.135043
ihy5.de,2026-05-21T09:02:10.991694
ih2a.de,2026-05-21T09:02:11.138251
ihy0.de,2026-05-21T09:02:11.982814
ih4t.de,2026-05-21T09:02:12.164079
ihx7.de,2026-05-21T09:02:12.991033
ih30.de,2026-05-21T09:02:13.143116
ihym.de,2026-05-21T09:02:14.044790
ih33.de,2026-05-21T09:02:14.137546
ihv9.de,2026-05-21T09:02:15.066589
ih3b.de,2026-05-21T09:02:15.144656
ihx6.de,2026-05-21T09:02:16.093207
ih2r.de,2026-05-21T09:02:16.148600
ihxj.de,2026-05-21T09:02:17.002345
ih4m.de,2026-05-21T09:02:17.177744
ihy4.de,2026-05-21T09:02:18.003502
ih34.de,2026-05-21T09:02:18.232607
ihzl.de,2026-05-21T09:02:19.002048
ih1q.de,2026-05-21T09:02:19.772162
ihyb.de,2026-05-21T09:02:20.012902
ih2y.de,2026-05-21T09:02:20.165415
ihy2.de,2026-05-21T09:02:21.019810
ih2g.de,2026-05-21T09:02:21.167004
ihuk.de,2026-05-21T09:02:22.022190
ih38.de,2026-05-21T09:02:22.174068
ihzq.de,2026-05-21T09:02:23.034312
ih35.de,2026-05-21T09:02:23.170627
ihy3.de,2026-05-21T09:02:24.033387
ih48.de,2026-05-21T09:02:24.181899
ihzx.de,2026-05-21T09:02:25.054433
ih4s.de,2026-05-21T09:02:25.189876
ihx4.de,2026-05-21T09:02:26.103838
ih4h.de,2026-05-21T09:02:26.187107
ihzs.de,2026-05-21T09:02:27.125122
ih4p.de,2026-05-21T09:02:27.191453
ihzg.de,2026-05-21T09:02:28.054303
ih40.de,2026-05-21T09:02:28.197566
ihzc.de,2026-05-21T09:02:29.059827
ih45.de,2026-05-21T09:02:29.243227
ihy8.de,2026-05-21T09:02:30.060986
ih5b.de,2026-05-21T09:02:30.777284
ihz0.de,2026-05-21T09:02:31.056039
ih5f.de,2026-05-21T09:02:31.201861
ihzm.de,2026-05-21T09:02:32.061673
ih3z.de,2026-05-21T09:02:32.218418
ihy9.de,2026-05-21T09:02:33.073788
ih49.de,2026-05-21T09:02:33.229904
ihzt.de,2026-05-21T09:02:34.070930
ih3c.de,2026-05-21T09:02:34.211894
ihz1.de,2026-05-21T09:02:35.078489
ih55.de,2026-05-21T09:02:35.218084
ihzn.de,2026-05-21T09:02:40.116876
ih5x.de,2026-05-21T09:02:40.269104
ih58.de,2026-05-21T09:02:43.244921
ih0h.de,2026-05-21T09:02:52.148738
ih6h.de,2026-05-21T09:02:52.837664
ih1g.de,2026-05-21T09:02:53.154333
ih5k.de,2026-05-21T09:02:53.861299
ihxs.de,2026-05-21T09:02:54.143924
ih6p.de,2026-05-21T09:02:54.792301
ihz4.de,2026-05-21T09:02:55.154694
ih66.de,2026-05-21T09:02:55.800587
ih0k.de,2026-05-21T09:02:56.151964
ih4k.de,2026-05-21T09:02:56.811971
ih0e.de,2026-05-21T09:02:57.160435
ih5h.de,2026-05-21T09:02:57.813050
ih1r.de,2026-05-21T09:02:58.195347
ih6w.de,2026-05-21T09:02:58.804837
ihz5.de,2026-05-21T09:02:59.171408
ih7d.de,2026-05-21T09:02:59.805597
ih1l.de,2026-05-21T09:03:00.173042
ih53.de,2026-05-21T09:03:00.831341
ih0y.de,2026-05-21T09:03:01.226999
ih7g.de,2026-05-21T09:03:01.826240
ih7e.de,2026-05-21T09:03:02.329715
ih1u.de,2026-05-21T09:03:02.769318
ih6z.de,2026-05-21T09:03:02.824627
ihys.de,2026-05-21T09:03:03.176449
ih7q.de,2026-05-21T09:03:03.850324
ih1h.de,2026-05-21T09:03:04.190283
ih7m.de,2026-05-21T09:03:04.887466
ihzj.de,2026-05-21T09:03:05.203157
ih43.de,2026-05-21T09:03:05.920975
ih1e.de,2026-05-21T09:03:06.185499
ih41.de,2026-05-21T09:03:06.844235
ih0c.de,2026-05-21T09:03:07.194247
ih32.de,2026-05-21T09:03:07.867522
ih1z.de,2026-05-21T09:03:08.202951
ih6q.de,2026-05-21T09:03:08.867008
ih2a.de,2026-05-21T09:03:09.196381
ih7a.de,2026-05-21T09:03:09.866020
ih1t.de,2026-05-21T09:03:10.253460
ih7b.de,2026-05-21T09:03:10.876548
ihm6.de,2026-05-21T09:03:11.211412
ih7c.de,2026-05-21T09:03:11.882022
ih2g.de,2026-05-21T09:03:12.236733
ih78.de,2026-05-21T09:03:12.883720
ih0x.de,2026-05-21T09:03:13.839339
ih71.de,2026-05-21T09:03:13.897791
ih08.de,2026-05-21T09:03:14.812352
ih8c.de,2026-05-21T09:03:14.885558
ihz2.de,2026-05-21T09:03:15.344060
ih7n.de,2026-05-21T09:03:15.900632
ihz6.de,2026-05-21T09:03:16.272496
ih7i.de,2026-05-21T09:03:16.966390
ihyi.de,2026-05-21T09:03:17.241080
ih77.de,2026-05-21T09:03:17.995279
ih2s.de,2026-05-21T09:03:18.238654
ih67.de,2026-05-21T09:03:18.904331
ih0a.de,2026-05-21T09:03:19.257235
ih7z.de,2026-05-21T09:03:19.899914
ihyz.de,2026-05-21T09:03:20.779992
ih7y.de,2026-05-21T09:03:20.917108
ih1y.de,2026-05-21T09:03:21.256964
ih8k.de,2026-05-21T09:03:21.915442
ih07.de,2026-05-21T09:03:22.245969
ih7j.de,2026-05-21T09:03:22.913996
ih2o.de,2026-05-21T09:03:23.248829
ih7l.de,2026-05-21T09:03:23.917712
ihzr.de,2026-05-21T09:03:24.816168
ih4f.de,2026-05-21T09:03:24.935637
ih21.de,2026-05-21T09:03:25.852560
ih7p.de,2026-05-21T09:03:25.930963
ih0r.de,2026-05-21T09:03:26.886580
ih7t.de,2026-05-21T09:03:26.940422
ih23.de,2026-05-21T09:03:27.809149
ih8e.de,2026-05-21T09:03:27.960205
ih1w.de,2026-05-21T09:03:28.773314
ih6x.de,2026-05-21T09:03:29.028355
ih0o.de,2026-05-21T09:03:29.772533
ih8n.de,2026-05-21T09:03:30.015550
ih3k.de,2026-05-21T09:03:31.204116
ih81.de,2026-05-21T09:03:31.204701
ih1a.de,2026-05-21T09:03:31.785189
ih7h.de,2026-05-21T09:03:31.989965
ih2p.de,2026-05-21T09:03:32.793140
ih44.de,2026-05-21T09:03:32.987636
ih15.de,2026-05-21T09:03:33.792686
ih8t.de,2026-05-21T09:03:33.977624
ih3n.de,2026-05-21T09:03:34.829440
ih8z.de,2026-05-21T09:03:34.991888
ihzw.de,2026-05-21T09:03:35.841709
ih83.de,2026-05-21T09:03:35.984486
ih2j.de,2026-05-21T09:03:40.818755
ih64.de,2026-05-21T09:03:41.063398
ih9t.de,2026-05-21T09:03:42.114273
ih9a.de,2026-05-21T09:03:45.044239
ih9g.de,2026-05-21T09:03:53.122141
ih4i.de,2026-05-21T09:03:53.874062
iiad.de,2026-05-21T09:03:54.154798
ih2f.de,2026-05-21T09:03:54.885848
iiak.de,2026-05-21T09:03:55.180971
ih4y.de,2026-05-21T09:03:55.882229
ih90.de,2026-05-21T09:03:56.078686
ih3j.de,2026-05-21T09:03:56.878093
iiai.de,2026-05-21T09:03:57.078855
ih4c.de,2026-05-21T09:03:57.880774
ih6d.de,2026-05-21T09:03:58.084863
ih44.de,2026-05-21T09:03:58.896315
ih98.de,2026-05-21T09:03:59.088718
ih2v.de,2026-05-21T09:03:59.940751
ih7w.de,2026-05-21T09:04:00.089605
ih4d.de,2026-05-21T09:04:00.973875
ih5v.de,2026-05-21T09:04:01.091572
ih43.de,2026-05-21T09:04:01.901813
ih7o.de,2026-05-21T09:04:02.101058
ih2e.de,2026-05-21T09:04:02.901022
iia0.de,2026-05-21T09:04:03.101859
ih9u.de,2026-05-21T09:04:03.641986
ih45.de,2026-05-21T09:04:03.904793
ih69.de,2026-05-21T09:04:04.146233
ih4f.de,2026-05-21T09:04:04.917445
iiac.de,2026-05-21T09:04:05.180305
ih17.de,2026-05-21T09:04:05.923766
iia4.de,2026-05-21T09:04:06.190185
ih4l.de,2026-05-21T09:04:06.929001
iiay.de,2026-05-21T09:04:07.121057
ih4p.de,2026-05-21T09:04:07.931431
iiaf.de,2026-05-21T09:04:08.120917
ih5c.de,2026-05-21T09:04:08.940953
ih61.de,2026-05-21T09:04:09.128914
ih49.de,2026-05-21T09:04:09.936781
ih86.de,2026-05-21T09:04:10.129669
ih5j.de,2026-05-21T09:04:10.949990
iiba.de,2026-05-21T09:04:11.150678
ih25.de,2026-05-21T09:04:12.001895
ih9j.de,2026-05-21T09:04:12.133680
ih5g.de,2026-05-21T09:04:13.052283
iiav.de,2026-05-21T09:04:13.147500
ih05.de,2026-05-21T09:04:14.080456
iial.de,2026-05-21T09:04:14.156350
ih42.de,2026-05-21T09:04:14.993070
iibo.de,2026-05-21T09:04:15.160926
ih4k.de,2026-05-21T09:04:15.997907
iibb.de,2026-05-21T09:04:16.194224
ih4o.de,2026-05-21T09:04:17.021800
iia2.de,2026-05-21T09:04:17.257294
ih5q.de,2026-05-21T09:04:18.012582
iiao.de,2026-05-21T09:04:18.781339
ih5b.de,2026-05-21T09:04:19.025412
iibh.de,2026-05-21T09:04:19.371171
ih5w.de,2026-05-21T09:04:20.031064
iias.de,2026-05-21T09:04:20.192454
ih3o.de,2026-05-21T09:04:21.020347
ih8g.de,2026-05-21T09:04:21.196666
ih2m.de,2026-05-21T09:04:22.031193
iibu.de,2026-05-21T09:04:22.210537
ih5y.de,2026-05-21T09:04:23.028551
ih4a.de,2026-05-21T09:04:23.200110
ih6h.de,2026-05-21T09:04:24.065159
iibv.de,2026-05-21T09:04:24.211926
ih3p.de,2026-05-21T09:04:25.104001
iiaa.de,2026-05-21T09:04:25.226189
ih5d.de,2026-05-21T09:04:26.132598
iibl.de,2026-05-21T09:04:26.220532
ih54.de,2026-05-21T09:04:27.062336
iia9.de,2026-05-21T09:04:27.233620
ih40.de,2026-05-21T09:04:28.078121
iicd.de,2026-05-21T09:04:28.272344
ih2l.de,2026-05-21T09:04:29.073629
iicb.de,2026-05-21T09:04:29.805529
ih4g.de,2026-05-21T09:04:30.067952
ih8v.de,2026-05-21T09:04:30.306220
ih4t.de,2026-05-21T09:04:31.076475
iib3.de,2026-05-21T09:04:31.252149
ih50.de,2026-05-21T09:04:32.086198
iich.de,2026-05-21T09:04:32.246468
ih5l.de,2026-05-21T09:04:33.086611
ih3t.de,2026-05-21T09:04:33.247614
ih6w.de,2026-05-21T09:04:34.104762
iiar.de,2026-05-21T09:04:34.251928
ih5t.de,2026-05-21T09:04:35.091498
iibp.de,2026-05-21T09:04:35.256626
ih5v.de,2026-05-21T09:04:36.113907
iicu.de,2026-05-21T09:04:36.254608
ih68.de,2026-05-21T09:04:37.166636
iica.de,2026-05-21T09:04:41.864042
ih7e.de,2026-05-21T09:04:42.128089
ih6y.de,2026-05-21T09:04:43.124692
ih6p.de,2026-05-21T09:04:46.134354
ih7o.de,2026-05-21T09:04:54.180211
iidv.de,2026-05-21T09:04:54.848822
ih6i.de,2026-05-21T09:04:55.176915
ih5u.de,2026-05-21T09:04:56.184461
ih9n.de,2026-05-21T09:04:56.857991
ih6o.de,2026-05-21T09:04:57.186852
ih8r.de,2026-05-21T09:04:57.868639
ih6v.de,2026-05-21T09:04:58.190334
iicv.de,2026-05-21T09:04:58.847679
iidu.de,2026-05-21T09:04:58.864969
ih7m.de,2026-05-21T09:04:59.198090
iibr.de,2026-05-21T09:04:59.877560
ih5p.de,2026-05-21T09:05:00.232211
iicy.de,2026-05-21T09:05:00.870617
ih5m.de,2026-05-21T09:05:01.802887
iid9.de,2026-05-21T09:05:01.876974
iice.de,2026-05-21T09:05:02.884715
ih62.de,2026-05-21T09:05:03.215854
iidf.de,2026-05-21T09:05:03.900987
ih61.de,2026-05-21T09:05:04.209048
ih6f.de,2026-05-21T09:05:04.715146
ih80.de,2026-05-21T09:05:04.976817
ih79.de,2026-05-21T09:05:05.213055
iib2.de,2026-05-21T09:05:05.978164
ih8g.de,2026-05-21T09:05:06.218696
iib8.de,2026-05-21T09:05:06.892458
ih7j.de,2026-05-21T09:05:07.233793
iiae.de,2026-05-21T09:05:07.898441
ih8m.de,2026-05-21T09:05:08.229434
iida.de,2026-05-21T09:05:08.911322
ih75.de,2026-05-21T09:05:09.230806
iidk.de,2026-05-21T09:05:09.902775
ih8l.de,2026-05-21T09:05:10.237388
iieg.de,2026-05-21T09:05:10.917716
ih7u.de,2026-05-21T09:05:11.784594
iid4.de,2026-05-21T09:05:11.911788
ih39.de,2026-05-21T09:05:12.814602
iiej.de,2026-05-21T09:05:12.916295
ih7v.de,2026-05-21T09:05:13.818022
iiev.de,2026-05-21T09:05:13.911459
ih8o.de,2026-05-21T09:05:14.251483
iien.de,2026-05-21T09:05:14.925898
ih76.de,2026-05-21T09:05:15.256995
iie1.de,2026-05-21T09:05:15.965464
ih5n.de,2026-05-21T09:05:16.255078
iidc.de,2026-05-21T09:05:17.030735
ih70.de,2026-05-21T09:05:17.770239
iie5.de,2026-05-21T09:05:18.047508
ih77.de,2026-05-21T09:05:18.768127
iieq.de,2026-05-21T09:05:18.937853
ih85.de,2026-05-21T09:05:19.770668
iidi.de,2026-05-21T09:05:19.965245
ih9b.de,2026-05-21T09:05:20.774737
iifa.de,2026-05-21T09:05:20.944711
ih78.de,2026-05-21T09:05:21.778336
iiey.de,2026-05-21T09:05:21.950107
ih9f.de,2026-05-21T09:05:22.791672
iifc.de,2026-05-21T09:05:22.962909
ih87.de,2026-05-21T09:05:23.832004
iifd.de,2026-05-21T09:05:23.960799
ih7n.de,2026-05-21T09:05:24.875462
iic3.de,2026-05-21T09:05:24.957571
ih9l.de,2026-05-21T09:05:25.879093
iicx.de,2026-05-21T09:05:25.962730
ih6k.de,2026-05-21T09:05:26.803622
iiea.de,2026-05-21T09:05:26.990654
ih8w.de,2026-05-21T09:05:27.799130
iifg.de,2026-05-21T09:05:28.017085
ih8j.de,2026-05-21T09:05:28.804542
iiez.de,2026-05-21T09:05:29.077554
ih93.de,2026-05-21T09:05:29.803764
iid6.de,2026-05-21T09:05:30.111901
ih9v.de,2026-05-21T09:05:30.812343
iifm.de,2026-05-21T09:05:31.121820
ih8d.de,2026-05-21T09:05:31.813713
iifs.de,2026-05-21T09:05:32.037856
ih92.de,2026-05-21T09:05:32.819471
iidl.de,2026-05-21T09:05:33.046490
ih9j.de,2026-05-21T09:05:33.851704
iibq.de,2026-05-21T09:05:34.046558
ih8x.de,2026-05-21T09:05:34.830773
iif0.de,2026-05-21T09:05:35.048182
ih7l.de,2026-05-21T09:05:35.882573
iifi.de,2026-05-21T09:05:36.054946
ih8k.de,2026-05-21T09:05:36.917337
iifo.de,2026-05-21T09:05:37.071644
ih9u.de,2026-05-21T09:05:37.978022
iifu.de,2026-05-21T09:05:38.055750
ih9s.de,2026-05-21T09:05:42.903988
iigb.de,2026-05-21T09:05:43.183757
iigc.de,2026-05-21T09:05:44.087596
iidw.de,2026-05-21T09:05:47.099526
iig4.de,2026-05-21T09:05:55.118236
iibj.de,2026-05-21T09:05:55.988748
iig5.de,2026-05-21T09:05:56.132993
iibd.de,2026-05-21T09:05:56.939585
iigq.de,2026-05-21T09:05:57.131430
iibk.de,2026-05-21T09:05:57.968128
iiel.de,2026-05-21T09:05:58.194776
ih9n.de,2026-05-21T09:05:58.978689
iihb.de,2026-05-21T09:05:59.165312
iiaz.de,2026-05-21T09:06:00.024594
iign.de,2026-05-21T09:06:00.183257
iibt.de,2026-05-21T09:06:01.048162
iicq.de,2026-05-21T09:06:01.159935
iibx.de,2026-05-21T09:06:02.056783
iihh.de,2026-05-21T09:06:02.172527
iie9.de,2026-05-21T09:06:03.207877
ih9a.de,2026-05-21T09:06:04.009812
iihl.de,2026-05-21T09:06:04.220421
iib2.de,2026-05-21T09:06:04.994600
iihq.de,2026-05-21T09:06:05.246871
iigf.de,2026-05-21T09:06:05.823730
iibf.de,2026-05-21T09:06:06.025448
iihc.de,2026-05-21T09:06:06.781110
iiby.de,2026-05-21T09:06:07.009517
iify.de,2026-05-21T09:06:07.190250
ih96.de,2026-05-21T09:06:08.019477
iiei.de,2026-05-21T09:06:08.204070
iibi.de,2026-05-21T09:06:09.015348
iigu.de,2026-05-21T09:06:09.211732
iib3.de,2026-05-21T09:06:10.019275
iig7.de,2026-05-21T09:06:10.219951
iibm.de,2026-05-21T09:06:11.024302
iihv.de,2026-05-21T09:06:11.233295
iib8.de,2026-05-21T09:06:12.060986
iig8.de,2026-05-21T09:06:12.221481
ih9d.de,2026-05-21T09:06:13.110843
iihw.de,2026-05-21T09:06:13.217582
ih66.de,2026-05-21T09:06:14.122486
iihk.de,2026-05-21T09:06:14.231354
iiat.de,2026-05-21T09:06:15.033140
iihy.de,2026-05-21T09:06:15.230303
ih6u.de,2026-05-21T09:06:16.054335
iihg.de,2026-05-21T09:06:16.766642
iib0.de,2026-05-21T09:06:17.141574
iih2.de,2026-05-21T09:06:17.757874
iia4.de,2026-05-21T09:06:18.048269
iih6.de,2026-05-21T09:06:18.781208
ih86.de,2026-05-21T09:06:19.066068
iig9.de,2026-05-21T09:06:19.784478
iicu.de,2026-05-21T09:06:20.061530
iie3.de,2026-05-21T09:06:20.829253
ih4w.de,2026-05-21T09:06:21.069281
iifk.de,2026-05-21T09:06:21.864369
iicf.de,2026-05-21T09:06:22.076044
iifp.de,2026-05-21T09:06:22.904688
iico.de,2026-05-21T09:06:23.084401
iiif.de,2026-05-21T09:06:23.778204
iia7.de,2026-05-21T09:06:24.082711
iido.de,2026-05-21T09:06:24.805456
iibq.de,2026-05-21T09:06:25.083411
iiij.de,2026-05-21T09:06:25.805736
ih95.de,2026-05-21T09:06:26.092999
iiit.de,2026-05-21T09:06:26.804956
iia1.de,2026-05-21T09:06:27.121257
iiib.de,2026-05-21T09:06:27.808469
iibu.de,2026-05-21T09:06:28.174120
iiiw.de,2026-05-21T09:06:28.805062
iicy.de,2026-05-21T09:06:29.186000
iiip.de,2026-05-21T09:06:29.819839
iidh.de,2026-05-21T09:06:30.107305
iiiu.de,2026-05-21T09:06:30.822088
iicz.de,2026-05-21T09:06:31.128915
iii0.de,2026-05-21T09:06:31.840584
iic3.de,2026-05-21T09:06:32.107146
iih8.de,2026-05-21T09:06:32.889057
iic8.de,2026-05-21T09:06:33.108495
iiee.de,2026-05-21T09:06:33.920873
iicj.de,2026-05-21T09:06:34.114648
iiiv.de,2026-05-21T09:06:34.835902
iicw.de,2026-05-21T09:06:35.129888
iii7.de,2026-05-21T09:06:35.840615
ih98.de,2026-05-21T09:06:36.129288
iii6.de,2026-05-21T09:06:36.842500
iicl.de,2026-05-21T09:06:37.123157
iig0.de,2026-05-21T09:06:37.851381
iidt.de,2026-05-21T09:06:38.132977
iihr.de,2026-05-21T09:06:38.863713
iics.de,2026-05-21T09:06:39.172471
iic5.de,2026-05-21T09:06:43.904453
ih8i.de,2026-05-21T09:06:44.152575
iicq.de,2026-05-21T09:06:45.174970
iieh.de,2026-05-21T09:06:48.180611
iiej.de,2026-05-21T09:06:56.212933
iij1.de,2026-05-21T09:06:57.017410
iic7.de,2026-05-21T09:06:57.220539
iig1.de,2026-05-21T09:06:58.018947
iieo.de,2026-05-21T09:06:58.222998
iiio.de,2026-05-21T09:06:58.931508
iiev.de,2026-05-21T09:06:59.222443
iikq.de,2026-05-21T09:06:59.937241
iid1.de,2026-05-21T09:07:00.233774
iii8.de,2026-05-21T09:07:00.946541
iicr.de,2026-05-21T09:07:01.226166
iij4.de,2026-05-21T09:07:01.950377
iido.de,2026-05-21T09:07:02.253317
iij8.de,2026-05-21T09:07:02.974682
iida.de,2026-05-21T09:07:03.819226
iijg.de,2026-05-21T09:07:03.961737
iifc.de,2026-05-21T09:07:04.827318
iikx.de,2026-05-21T09:07:04.953677
iidk.de,2026-05-21T09:07:05.248825
iiis.de,2026-05-21T09:07:05.958870
ihu5.de,2026-05-21T09:07:06.257376
iid9.de,2026-05-21T09:07:06.764536
iij9.de,2026-05-21T09:07:06.959593
iie4.de,2026-05-21T09:07:07.774311
iik0.de,2026-05-21T09:07:08.024770
iic1.de,2026-05-21T09:07:08.808228
iiky.de,2026-05-21T09:07:09.114907
iieq.de,2026-05-21T09:07:09.828241
iij5.de,2026-05-21T09:07:10.088008
iifq.de,2026-05-21T09:07:10.847012
iile.de,2026-05-21T09:07:11.140800
iifg.de,2026-05-21T09:07:11.898604
iijo.de,2026-05-21T09:07:12.187078
iiet.de,2026-05-21T09:07:12.881003
iikn.de,2026-05-21T09:07:13.109625
iifh.de,2026-05-21T09:07:13.900089
iilk.de,2026-05-21T09:07:14.064058
iifv.de,2026-05-21T09:07:14.943466
iik4.de,2026-05-21T09:07:15.085397
iicb.de,2026-05-21T09:07:15.926548
iiiz.de,2026-05-21T09:07:16.022678
iia2.de,2026-05-21T09:07:16.940887
iilq.de,2026-05-21T09:07:17.079050
iie6.de,2026-05-21T09:07:17.974180
iikt.de,2026-05-21T09:07:18.112708
iifk.de,2026-05-21T09:07:18.887256
iik6.de,2026-05-21T09:07:19.137640
iifw.de,2026-05-21T09:07:19.868327
iikf.de,2026-05-21T09:07:20.166838
iidb.de,2026-05-21T09:07:20.904552
iih3.de,2026-05-21T09:07:21.168011
iiee.de,2026-05-21T09:07:21.897901
iikv.de,2026-05-21T09:07:22.166218
iifa.de,2026-05-21T09:07:22.922864
iil0.de,2026-05-21T09:07:23.073971
iiem.de,2026-05-21T09:07:23.924412
iik8.de,2026-05-21T09:07:24.253055
iif7.de,2026-05-21T09:07:24.895870
iikm.de,2026-05-21T09:07:25.117132
iieb.de,2026-05-21T09:07:25.931352
iij0.de,2026-05-21T09:07:26.112598
iids.de,2026-05-21T09:07:26.953094
iikh.de,2026-05-21T09:07:27.075120
iie9.de,2026-05-21T09:07:28.007060
iijb.de,2026-05-21T09:07:28.139815
iif8.de,2026-05-21T09:07:29.111362
iilf.de,2026-05-21T09:07:29.173763
iidr.de,2026-05-21T09:07:30.044885
iily.de,2026-05-21T09:07:30.148994
iign.de,2026-05-21T09:07:30.931907
iilz.de,2026-05-21T09:07:31.193453
iigo.de,2026-05-21T09:07:31.936237
iijz.de,2026-05-21T09:07:32.227378
iigi.de,2026-05-21T09:07:32.917657
iimg.de,2026-05-21T09:07:33.246768
iie1.de,2026-05-21T09:07:33.992024
iik2.de,2026-05-21T09:07:34.201968
iig0.de,2026-05-21T09:07:34.981487
iijk.de,2026-05-21T09:07:35.253120
iidx.de,2026-05-21T09:07:36.021789
iiko.de,2026-05-21T09:07:36.127610
iigm.de,2026-05-21T09:07:36.931036
iilb.de,2026-05-21T09:07:37.146557
iie2.de,2026-05-21T09:07:37.957256
iils.de,2026-05-21T09:07:38.144140
iig2.de,2026-05-21T09:07:39.045494
iil5.de,2026-05-21T09:07:39.117727
iigy.de,2026-05-21T09:07:40.058210
iimo.de,2026-05-21T09:07:40.158311
iier.de,2026-05-21T09:07:44.984591
iig1.de,2026-05-21T09:07:46.016511
iim5.de,2026-05-21T09:07:47.184016
iim6.de,2026-05-21T09:07:49.244157
iimy.de,2026-05-21T09:07:53.217692
iihu.de,2026-05-21T09:07:58.053511
iing.de,2026-05-21T09:07:58.344051
iifb.de,2026-05-21T09:07:59.092854
iine.de,2026-05-21T09:07:59.385544
iig6.de,2026-05-21T09:08:00.094403
iim1.de,2026-05-21T09:08:00.249872
iiic.de,2026-05-21T09:08:01.131693
iim3.de,2026-05-21T09:08:01.254005
iihe.de,2026-05-21T09:08:02.100443
iikp.de,2026-05-21T09:08:02.244916
iicx.de,2026-05-21T09:08:03.135535
iimv.de,2026-05-21T09:08:03.288519
iiib.de,2026-05-21T09:08:04.177184
iinh.de,2026-05-21T09:08:04.242539
iiig.de,2026-05-21T09:08:05.225715
iioe.de,2026-05-21T09:08:05.243617
iihm.de,2026-05-21T09:08:06.187789
iioh.de,2026-05-21T09:08:06.792371
iiik.de,2026-05-21T09:08:07.102241
iiif.de,2026-05-21T09:08:07.616773
iims.de,2026-05-21T09:08:07.829662
iih8.de,2026-05-21T09:08:08.117077
iin3.de,2026-05-21T09:08:08.883994
iiie.de,2026-05-21T09:08:09.124777
iina.de,2026-05-21T09:08:09.341596
iiiw.de,2026-05-21T09:08:10.122303
iioa.de,2026-05-21T09:08:10.253666
iiiz.de,2026-05-21T09:08:11.106056
iin4.de,2026-05-21T09:08:11.252626
iiir.de,2026-05-21T09:08:12.099178
iin8.de,2026-05-21T09:08:12.277399
iieg.de,2026-05-21T09:08:13.097756
iiov.de,2026-05-21T09:08:13.291708
iii2.de,2026-05-21T09:08:14.123484
iimi.de,2026-05-21T09:08:14.822460
iii8.de,2026-05-21T09:08:15.239054
iion.de,2026-05-21T09:08:15.781028
iii0.de,2026-05-21T09:08:16.215540
iiok.de,2026-05-21T09:08:16.285386
iiiv.de,2026-05-21T09:08:17.282734
iimt.de,2026-05-21T09:08:17.835194
iii6.de,2026-05-21T09:08:18.262484
iios.de,2026-05-21T09:08:18.921295
iihs.de,2026-05-21T09:08:19.153361
iiku.de,2026-05-21T09:08:19.908683
iiip.de,2026-05-21T09:08:20.156833
iioi.de,2026-05-21T09:08:20.898771
iiiy.de,2026-05-21T09:08:21.185990
iio7.de,2026-05-21T09:08:21.929488
iihg.de,2026-05-21T09:08:22.178433
iiji.de,2026-05-21T09:08:22.811201
iiji.de,2026-05-21T09:08:23.150869
iiot.de,2026-05-21T09:08:23.806686
iijs.de,2026-05-21T09:08:24.216796
iio1.de,2026-05-21T09:08:24.838943
iiju.de,2026-05-21T09:08:25.182802
iinj.de,2026-05-21T09:08:25.858344
iihq.de,2026-05-21T09:08:26.190474
iiph.de,2026-05-21T09:08:26.818387
iii7.de,2026-05-21T09:08:27.230857
iioy.de,2026-05-21T09:08:27.825073
iiih.de,2026-05-21T09:08:28.281590
iiox.de,2026-05-21T09:08:28.853505
iiix.de,2026-05-21T09:08:29.789599
iin9.de,2026-05-21T09:08:29.863839
iijo.de,2026-05-21T09:08:30.322889
iio9.de,2026-05-21T09:08:30.922403
iije.de,2026-05-21T09:08:31.221951
iipo.de,2026-05-21T09:08:31.958475
iijw.de,2026-05-21T09:08:32.237935
iinz.de,2026-05-21T09:08:32.988423
iij2.de,2026-05-21T09:08:33.191219
iior.de,2026-05-21T09:08:33.974661
iij6.de,2026-05-21T09:08:34.230999
iipv.de,2026-05-21T09:08:34.872219
iikb.de,2026-05-21T09:08:35.252139
iipw.de,2026-05-21T09:08:35.853466
iifi.de,2026-05-21T09:08:36.246020
iikj.de,2026-05-21T09:08:36.883245
iika.de,2026-05-21T09:08:37.202749
iipz.de,2026-05-21T09:08:37.866603
iii1.de,2026-05-21T09:08:38.247183
iinc.de,2026-05-21T09:08:38.920238
iikk.de,2026-05-21T09:08:39.831819
iipu.de,2026-05-21T09:08:39.911737
iigu.de,2026-05-21T09:08:40.828652
iip8.de,2026-05-21T09:08:40.900641
iijz.de,2026-05-21T09:08:41.349542
iii9.de,2026-05-21T09:08:45.275816
iigw.de,2026-05-21T09:08:46.265428
iicg.de,2026-05-21T09:08:47.277140
iijk.de,2026-05-21T09:08:53.370917
iiq1.de,2026-05-21T09:08:57.054347
iiq0.de,2026-05-21T09:08:58.969686
iilo.de,2026-05-21T09:08:59.801994
iiko.de,2026-05-21T09:09:00.870412
iiqj.de,2026-05-21T09:09:00.950268
iiii.de,2026-05-21T09:09:01.856750
iiqt.de,2026-05-21T09:09:01.981776
iik0.de,2026-05-21T09:09:02.921463
iirm.de,2026-05-21T09:09:03.005885
iila.de,2026-05-21T09:09:03.886525
iiri.de,2026-05-21T09:09:04.039552
iilw.de,2026-05-21T09:09:04.941862
iirc.de,2026-05-21T09:09:05.021856
iilt.de,2026-05-21T09:09:05.841645
iire.de,2026-05-21T09:09:06.040574
iik9.de,2026-05-21T09:09:06.867889
iiqi.de,2026-05-21T09:09:07.084370
iilq.de,2026-05-21T09:09:07.842000
iiq6.de,2026-05-21T09:09:08.121625
iipj.de,2026-05-21T09:09:08.640691
iils.de,2026-05-21T09:09:08.944090
iiqp.de,2026-05-21T09:09:09.147719
iikd.de,2026-05-21T09:09:09.845916
iipy.de,2026-05-21T09:09:10.027935
iik5.de,2026-05-21T09:09:10.885816
iirk.de,2026-05-21T09:09:11.017587
iih6.de,2026-05-21T09:09:11.881654
iirl.de,2026-05-21T09:09:12.014275
iil3.de,2026-05-21T09:09:12.895557
iira.de,2026-05-21T09:09:13.021697
iirx.de,2026-05-21T09:09:14.048159
iimj.de,2026-05-21T09:09:14.177462
iijq.de,2026-05-21T09:09:14.935546
iir1.de,2026-05-21T09:09:15.005034
iike.de,2026-05-21T09:09:15.980830
iioz.de,2026-05-21T09:09:16.026557
iilx.de,2026-05-21T09:09:16.992173
iiro.de,2026-05-21T09:09:17.087882
iiky.de,2026-05-21T09:09:17.859051
iiq9.de,2026-05-21T09:09:18.119735
iime.de,2026-05-21T09:09:18.827576
iinn.de,2026-05-21T09:09:19.061398
iimv.de,2026-05-21T09:09:19.872780
iir9.de,2026-05-21T09:09:20.183349
iims.de,2026-05-21T09:09:20.832847
iisj.de,2026-05-21T09:09:21.001237
iima.de,2026-05-21T09:09:21.833385
iisk.de,2026-05-21T09:09:22.013298
iim2.de,2026-05-21T09:09:22.872773
iirr.de,2026-05-21T09:09:23.026462
iiml.de,2026-05-21T09:09:23.847455
iisa.de,2026-05-21T09:09:24.013505
iimx.de,2026-05-21T09:09:24.873964
iist.de,2026-05-21T09:09:25.044633
iimd.de,2026-05-21T09:09:25.948753
iiou.de,2026-05-21T09:09:26.040808
iim8.de,2026-05-21T09:09:26.970838
iirw.de,2026-05-21T09:09:27.059315
iikt.de,2026-05-21T09:09:28.005706
iir6.de,2026-05-21T09:09:28.064423
iind.de,2026-05-21T09:09:29.081923
iisb.de,2026-05-21T09:09:29.132354
iil7.de,2026-05-21T09:09:30.055026
iisp.de,2026-05-21T09:09:30.116924
iikg.de,2026-05-21T09:09:31.108923
iirs.de,2026-05-21T09:09:31.164363
iilk.de,2026-05-21T09:09:31.964546
iis7.de,2026-05-21T09:09:32.185734
iil5.de,2026-05-21T09:09:32.980759
iip9.de,2026-05-21T09:09:33.201771
iinc.de,2026-05-21T09:09:33.985975
iir8.de,2026-05-21T09:09:34.095354
iinm.de,2026-05-21T09:09:34.979426
iirh.de,2026-05-21T09:09:35.092653
iimk.de,2026-05-21T09:09:36.005796
iirv.de,2026-05-21T09:09:36.110570
iimw.de,2026-05-21T09:09:37.010310
iiqg.de,2026-05-21T09:09:37.125053
iik4.de,2026-05-21T09:09:37.991445
iisx.de,2026-05-21T09:09:38.119585
iilf.de,2026-05-21T09:09:39.031731
iilo.de,2026-05-21T09:09:39.114192
iikp.de,2026-05-21T09:09:40.047755
iitc.de,2026-05-21T09:09:40.115113
iinq.de,2026-05-21T09:09:41.067349
iis6.de,2026-05-21T09:09:41.118537
iine.de,2026-05-21T09:09:41.990846
iipr.de,2026-05-21T09:09:42.159663
iitg.de,2026-05-21T09:09:43.200622
iit2.de,2026-05-21T09:09:47.143774
iinw.de,2026-05-21T09:09:48.150368
iit5.de,2026-05-21T09:09:49.150591
iitl.de,2026-05-21T09:09:55.237337
iis8.de,2026-05-21T09:09:58.192392
iiti.de,2026-05-21T09:10:00.181324
iirq.de,2026-05-21T09:10:01.228883
iion.de,2026-05-21T09:10:01.229925
iim6.de,2026-05-21T09:10:02.152683
iit4.de,2026-05-21T09:10:02.197254
iio5.de,2026-05-21T09:10:03.150685
iiof.de,2026-05-21T09:10:03.196661
iioo.de,2026-05-21T09:10:04.173437
iise.de,2026-05-21T09:10:04.200235
iikn.de,2026-05-21T09:10:05.757276
iitk.de,2026-05-21T09:10:05.759073
iins.de,2026-05-21T09:10:06.249193
iit9.de,2026-05-21T09:10:06.818779
iiow.de,2026-05-21T09:10:07.178046
iitx.de,2026-05-21T09:10:07.802361
iin2.de,2026-05-21T09:10:08.174272
iiu4.de,2026-05-21T09:10:08.221648
iipj.de,2026-05-21T09:10:09.188618
iit0.de,2026-05-21T09:10:09.239104
iiup.de,2026-05-21T09:10:09.725685
iipa.de,2026-05-21T09:10:10.207478
iisg.de,2026-05-21T09:10:10.260207
iipm.de,2026-05-21T09:10:11.190223
iiu8.de,2026-05-21T09:10:11.240621
iiou.de,2026-05-21T09:10:12.212554
iiu9.de,2026-05-21T09:10:12.236443
iioj.de,2026-05-21T09:10:13.194759
iiug.de,2026-05-21T09:10:13.233963
iiov.de,2026-05-21T09:10:14.225713
iivf.de,2026-05-21T09:10:14.765238
iinf.de,2026-05-21T09:10:15.200884
iiuf.de,2026-05-21T09:10:15.774816
iipe.de,2026-05-21T09:10:16.244044
iiol.de,2026-05-21T09:10:17.299553
iip0.de,2026-05-21T09:10:17.811030
iivl.de,2026-05-21T09:10:17.811434
iips.de,2026-05-21T09:10:18.817582
iil4.de,2026-05-21T09:10:18.838581
iip6.de,2026-05-21T09:10:19.235347
iiss.de,2026-05-21T09:10:19.907120
iipv.de,2026-05-21T09:10:20.386949
iimm.de,2026-05-21T09:10:21.232412
iiku.de,2026-05-21T09:10:21.741053
iivh.de,2026-05-21T09:10:21.775444
iipl.de,2026-05-21T09:10:22.246201
iin2.de,2026-05-21T09:10:22.785632
iiob.de,2026-05-21T09:10:23.247260
iivb.de,2026-05-21T09:10:23.787851
iin9.de,2026-05-21T09:10:24.808432
iivt.de,2026-05-21T09:10:24.809132
iio1.de,2026-05-21T09:10:25.248248
iiul.de,2026-05-21T09:10:25.835122
iipz.de,2026-05-21T09:10:26.758935
iivo.de,2026-05-21T09:10:26.794474
iiql.de,2026-05-21T09:10:27.777204
iiuc.de,2026-05-21T09:10:27.801387
iiuw.de,2026-05-21T09:10:28.820727
iioq.de,2026-05-21T09:10:28.820999
iiwb.de,2026-05-21T09:10:29.867723
iipx.de,2026-05-21T09:10:29.868268
iio4.de,2026-05-21T09:10:30.913482
iivn.de,2026-05-21T09:10:30.913604
iiqu.de,2026-05-21T09:10:31.959089
iivd.de,2026-05-21T09:10:31.965512
iioe.de,2026-05-21T09:10:33.016479
iit1.de,2026-05-21T09:10:33.016880
iipu.de,2026-05-21T09:10:33.829642
iiub.de,2026-05-21T09:10:33.851241
iiqy.de,2026-05-21T09:10:34.799536
iiuv.de,2026-05-21T09:10:34.823312
iiqc.de,2026-05-21T09:10:35.797831
iiwh.de,2026-05-21T09:10:35.825857
iiq0.de,2026-05-21T09:10:36.806517
iiv3.de,2026-05-21T09:10:36.829888
iiq6.de,2026-05-21T09:10:37.809743
iiv9.de,2026-05-21T09:10:37.835640
iiqf.de,2026-05-21T09:10:38.809639
iiwm.de,2026-05-21T09:10:38.841315
iiqj.de,2026-05-21T09:10:39.829216
iiwu.de,2026-05-21T09:10:39.850356
iiqv.de,2026-05-21T09:10:40.876707
iiwa.de,2026-05-21T09:10:40.887201
iiqs.de,2026-05-21T09:10:41.906820
iiwz.de,2026-05-21T09:10:41.924690
iiq5.de,2026-05-21T09:10:42.827000
iiu7.de,2026-05-21T09:10:42.944059
iiuj.de,2026-05-21T09:10:43.859238
iiv8.de,2026-05-21T09:10:47.883258
iiwt.de,2026-05-21T09:10:48.876545
iiuo.de,2026-05-21T09:10:49.893522
iiw4.de,2026-05-21T09:10:55.914597
iivv.de,2026-05-21T09:10:58.909888
iiv1.de,2026-05-21T09:11:00.932741
iiq3.de,2026-05-21T09:11:01.902495
iiuh.de,2026-05-21T09:11:01.937189
iisk.de,2026-05-21T09:11:02.901527
iixl.de,2026-05-21T09:11:02.924890
iiqo.de,2026-05-21T09:11:03.953870
iixo.de,2026-05-21T09:11:03.954545
iir6.de,2026-05-21T09:11:04.994267
iix4.de,2026-05-21T09:11:04.994553
iirc.de,2026-05-21T09:11:06.007331
iiws.de,2026-05-21T09:11:06.032384
iirn.de,2026-05-21T09:11:06.937017
iixq.de,2026-05-21T09:11:07.053430
iirz.de,2026-05-21T09:11:07.932925
iiyi.de,2026-05-21T09:11:07.946633
iirv.de,2026-05-21T09:11:08.951000
iit8.de,2026-05-21T09:11:08.958356
iir0.de,2026-05-21T09:11:09.954742
iiye.de,2026-05-21T09:11:09.969960
iixg.de,2026-05-21T09:11:10.483560
iix6.de,2026-05-21T09:11:10.978592
iisl.de,2026-05-21T09:11:10.979422
iius.de,2026-05-21T09:11:12.025210
iiso.de,2026-05-21T09:11:12.025458
iiys.de,2026-05-21T09:11:13.061094
iisp.de,2026-05-21T09:11:13.061164
iiqz.de,2026-05-21T09:11:13.955445
iiyq.de,2026-05-21T09:11:13.977068
iir2.de,2026-05-21T09:11:14.978291
iity.de,2026-05-21T09:11:14.981957
iiyh.de,2026-05-21T09:11:15.984747
iisg.de,2026-05-21T09:11:15.984965
iita.de,2026-05-21T09:11:16.986603
iiyb.de,2026-05-21T09:11:16.987010
iist.de,2026-05-21T09:11:18.497309
iipx.de,2026-05-21T09:11:18.497322
iivx.de,2026-05-21T09:11:19.008386
iirw.de,2026-05-21T09:11:19.009506
iirt.de,2026-05-21T09:11:20.005836
iiw0.de,2026-05-21T09:11:20.006006
iitk.de,2026-05-21T09:11:21.003500
iiyj.de,2026-05-21T09:11:21.004164
iisb.de,2026-05-21T09:11:22.009767
iiw3.de,2026-05-21T09:11:23.038603
iitd.de,2026-05-21T09:11:23.038880
iitc.de,2026-05-21T09:11:23.557717
iitp.de,2026-05-21T09:11:24.081092
iiy5.de,2026-05-21T09:11:24.081986
iixj.de,2026-05-21T09:11:25.104166
iiqd.de,2026-05-21T09:11:25.105274
iix7.de,2026-05-21T09:11:26.027319
iisq.de,2026-05-21T09:11:26.027608
iisy.de,2026-05-21T09:11:27.020473
iixi.de,2026-05-21T09:11:27.020629
iiwj.de,2026-05-21T09:11:28.048911
iiqt.de,2026-05-21T09:11:28.049235
iiqx.de,2026-05-21T09:11:29.053091
iize.de,2026-05-21T09:11:29.053324
iizb.de,2026-05-21T09:11:30.053025
iiss.de,2026-05-21T09:11:30.055681
iiyx.de,2026-05-21T09:11:31.061217
iis4.de,2026-05-21T09:11:31.061480
iino.de,2026-05-21T09:11:32.067311
iiyt.de,2026-05-21T09:11:32.068037
iizc.de,2026-05-21T09:11:33.060790
iito.de,2026-05-21T09:11:33.061550
iisf.de,2026-05-21T09:11:34.070746
iizm.de,2026-05-21T09:11:34.072925
iiro.de,2026-05-21T09:11:35.090103
iivm.de,2026-05-21T09:11:35.090313
iizg.de,2026-05-21T09:11:36.140657
iiuc.de,2026-05-21T09:11:36.140748
iitg.de,2026-05-21T09:11:37.902277
iizi.de,2026-05-21T09:11:37.902601
iis3.de,2026-05-21T09:11:38.964665
iizj.de,2026-05-21T09:11:38.964849
iiyp.de,2026-05-21T09:11:39.085983
iitu.de,2026-05-21T09:11:39.254685
iiuh.de,2026-05-21T09:11:40.108088
iiz6.de,2026-05-21T09:11:40.108103
iir5.de,2026-05-21T09:11:41.099345
iiyz.de,2026-05-21T09:11:41.100258
iiti.de,2026-05-21T09:11:42.098613
iivr.de,2026-05-21T09:11:42.100873
iiun.de,2026-05-21T09:11:43.150459
iizo.de,2026-05-21T09:11:43.150562
iiza.de,2026-05-21T09:11:44.207643
iit5.de,2026-05-21T09:11:44.207768
iirb.de,2026-05-21T09:11:45.112049
iiuq.de,2026-05-21T09:11:49.209402
iiu3.de,2026-05-21T09:11:51.144405
ii0b.de,2026-05-21T09:11:51.144700
iit0.de,2026-05-21T09:11:57.275368
iiyf.de,2026-05-21T09:12:01.266661
ii1g.de,2026-05-21T09:12:02.195531
iixn.de,2026-05-21T09:12:03.202974
iivs.de,2026-05-21T09:12:03.219755
iizs.de,2026-05-21T09:12:04.203258
iith.de,2026-05-21T09:12:04.203511
iits.de,2026-05-21T09:12:05.197808
ii0u.de,2026-05-21T09:12:05.197860
iitw.de,2026-05-21T09:12:06.217480
ii1o.de,2026-05-21T09:12:06.217709
ii0r.de,2026-05-21T09:12:07.809616
iivz.de,2026-05-21T09:12:07.809893
iivy.de,2026-05-21T09:12:08.800915
ii09.de,2026-05-21T09:12:08.801165
ii1v.de,2026-05-21T09:12:09.224443
iiu1.de,2026-05-21T09:12:09.224637
iiul.de,2026-05-21T09:12:10.220831
ii1r.de,2026-05-21T09:12:10.220949
iivx.de,2026-05-21T09:12:11.825879
ii1f.de,2026-05-21T09:12:11.826843
ii13.de,2026-05-21T09:12:12.827780
iit8.de,2026-05-21T09:12:12.828116
iivw.de,2026-05-21T09:12:13.338237
ii0y.de,2026-05-21T09:12:13.338515
iit9.de,2026-05-21T09:12:14.253106
ii0x.de,2026-05-21T09:12:14.253328
ii0p.de,2026-05-21T09:12:14.746557
ii08.de,2026-05-21T09:12:15.255850
iiwk.de,2026-05-21T09:12:15.256845
ii18.de,2026-05-21T09:12:16.252611
iiwm.de,2026-05-21T09:12:16.255607
iizy.de,2026-05-21T09:12:17.765136
iiue.de,2026-05-21T09:12:17.765068
ii1m.de,2026-05-21T09:12:19.330799
iitj.de,2026-05-21T09:12:19.331581
ii2h.de,2026-05-21T09:12:19.832907
iiwf.de,2026-05-21T09:12:19.833371
iiv0.de,2026-05-21T09:12:20.766631
ii1j.de,2026-05-21T09:12:20.772028
ii1n.de,2026-05-21T09:12:21.766256
iiwl.de,2026-05-21T09:12:21.770026
ii1s.de,2026-05-21T09:12:22.803012
iiwv.de,2026-05-21T09:12:23.858440
ii2m.de,2026-05-21T09:12:23.858850
iivr.de,2026-05-21T09:12:24.871905
ii2p.de,2026-05-21T09:12:24.872943
iivj.de,2026-05-21T09:12:25.273739
ii2f.de,2026-05-21T09:12:25.780364
iiv3.de,2026-05-21T09:12:25.781189
ii2j.de,2026-05-21T09:12:26.787791
iipo.de,2026-05-21T09:12:26.787912
iiup.de,2026-05-21T09:12:27.793952
ii2x.de,2026-05-21T09:12:27.795912
iiwc.de,2026-05-21T09:12:28.799324
ii1w.de,2026-05-21T09:12:28.803703
iiw6.de,2026-05-21T09:12:29.809160
ii17.de,2026-05-21T09:12:29.809407
ii2s.de,2026-05-21T09:12:30.860440
iivv.de,2026-05-21T09:12:30.860499
iixi.de,2026-05-21T09:12:31.890529
ii26.de,2026-05-21T09:12:31.891171
ii2o.de,2026-05-21T09:12:32.919121
iiwe.de,2026-05-21T09:12:32.924714
ii2u.de,2026-05-21T09:12:33.832872
iiwz.de,2026-05-21T09:12:33.833146
iiw4.de,2026-05-21T09:12:34.859743
ii3b.de,2026-05-21T09:12:34.860351
ii2e.de,2026-05-21T09:12:35.911579
iiwo.de,2026-05-21T09:12:35.911891
iixj.de,2026-05-21T09:12:36.923459
ii20.de,2026-05-21T09:12:36.923559
iixk.de,2026-05-21T09:12:37.845898
iiw5.de,2026-05-21T09:12:37.846858
iixt.de,2026-05-21T09:12:38.845601
ii25.de,2026-05-21T09:12:38.845520
ii14.de,2026-05-21T09:12:39.860711
iiv8.de,2026-05-21T09:12:39.861838
ii1a.de,2026-05-21T09:12:40.855318
iiv7.de,2026-05-21T09:12:40.855755
ii3o.de,2026-05-21T09:12:41.871928
iixg.de,2026-05-21T09:12:41.874555
iix3.de,2026-05-21T09:12:42.927135
ii3d.de,2026-05-21T09:12:42.927559
ii2r.de,2026-05-21T09:12:43.928609
iix5.de,2026-05-21T09:12:43.928919
ii2k.de,2026-05-21T09:12:44.869666
iixc.de,2026-05-21T09:12:44.870112
iixh.de,2026-05-21T09:12:46.922215
ii3e.de,2026-05-21T09:12:51.897003
iixv.de,2026-05-21T09:12:51.896907
ii2n.de,2026-05-21T09:12:52.896969
iiwp.de,2026-05-21T09:12:57.932970
ii3g.de,2026-05-21T09:13:00.921567
iiyq.de,2026-05-21T09:13:00.921663
ii3c.de,2026-05-21T09:13:03.939802
iira.de,2026-05-21T09:13:03.940188
iiyv.de,2026-05-21T09:13:04.949726
ii3p.de,2026-05-21T09:13:04.951096
ii4b.de,2026-05-21T09:13:05.989474
iiya.de,2026-05-21T09:13:05.989850
ii4p.de,2026-05-21T09:13:07.017628
iiy7.de,2026-05-21T09:13:07.017859
ii39.de,2026-05-21T09:13:07.959496
iiwb.de,2026-05-21T09:13:07.960004
ii4s.de,2026-05-21T09:13:08.954517
iiy6.de,2026-05-21T09:13:08.954679
ii40.de,2026-05-21T09:13:09.997559
iiwr.de,2026-05-21T09:13:09.997745
ii4d.de,2026-05-21T09:13:11.043479
iixd.de,2026-05-21T09:13:11.043698
iix7.de,2026-05-21T09:13:12.046605
ii0k.de,2026-05-21T09:13:12.046784
ii3a.de,2026-05-21T09:13:12.966366
iiwh.de,2026-05-21T09:13:12.967571
iiy5.de,2026-05-21T09:13:13.972423
ii4e.de,2026-05-21T09:13:13.972580
ii5c.de,2026-05-21T09:13:14.977387
iizb.de,2026-05-21T09:13:14.977671
iiy4.de,2026-05-21T09:13:16.003614
ii4q.de,2026-05-21T09:13:16.004127
ii3t.de,2026-05-21T09:13:16.486358
ii1e.de,2026-05-21T09:13:17.016289
iizk.de,2026-05-21T09:13:17.016276
ii4m.de,2026-05-21T09:13:18.046535
iixx.de,2026-05-21T09:13:18.048179
iiy8.de,2026-05-21T09:13:19.076165
ii48.de,2026-05-21T09:13:19.076338
iiyp.de,2026-05-21T09:13:20.502890
ii5u.de,2026-05-21T09:13:20.502991
ii32.de,2026-05-21T09:13:21.008836
iixl.de,2026-05-21T09:13:21.009228
iiyb.de,2026-05-21T09:13:22.056534
ii5n.de,2026-05-21T09:13:22.056785
iizy.de,2026-05-21T09:13:23.092554
iiyu.de,2026-05-21T09:13:23.095659
ii4c.de,2026-05-21T09:13:25.018823
iiyy.de,2026-05-21T09:13:25.019041
ii47.de,2026-05-21T09:13:26.021755
iixo.de,2026-05-21T09:13:26.022636
iiw3.de,2026-05-21T09:13:26.521590
ii51.de,2026-05-21T09:13:26.521645
ii5v.de,2026-05-21T09:13:27.041359
iiy1.de,2026-05-21T09:13:27.041650
iizw.de,2026-05-21T09:13:28.032351
ii4v.de,2026-05-21T09:13:28.032586
ii5j.de,2026-05-21T09:13:29.060833
iixp.de,2026-05-21T09:13:29.062168
iiz8.de,2026-05-21T09:13:30.107236
ii55.de,2026-05-21T09:13:30.107639
ii59.de,2026-05-21T09:13:31.118339
ii0j.de,2026-05-21T09:13:31.118908
ii5k.de,2026-05-21T09:13:32.054217
ii0q.de,2026-05-21T09:13:32.054585
ii4z.de,2026-05-21T09:13:33.080332
ii0d.de,2026-05-21T09:13:33.082591
iiza.de,2026-05-21T09:13:34.115288
ii6m.de,2026-05-21T09:13:34.115607
ii0t.de,2026-05-21T09:13:35.158762
ii5f.de,2026-05-21T09:13:35.162378
ii5z.de,2026-05-21T09:13:36.065186
ii0b.de,2026-05-21T09:13:36.065953
iiz5.de,2026-05-21T09:13:37.066310
ii4f.de,2026-05-21T09:13:37.070490
ii5s.de,2026-05-21T09:13:38.072820
ii00.de,2026-05-21T09:13:38.073509
ii6f.de,2026-05-21T09:13:39.088165
ii0m.de,2026-05-21T09:13:39.088571
ii6s.de,2026-05-21T09:13:40.089759
iizs.de,2026-05-21T09:13:40.090164
ii0h.de,2026-05-21T09:13:41.123233
ii6e.de,2026-05-21T09:13:41.120649
ii3y.de,2026-05-21T09:13:42.171876
ii0p.de,2026-05-21T09:13:42.172109
ii60.de,2026-05-21T09:13:43.174083
ii0i.de,2026-05-21T09:13:43.174130
ii6i.de,2026-05-21T09:13:44.104678
ii02.de,2026-05-21T09:13:44.109678
ii6j.de,2026-05-21T09:13:45.127569
ii04.de,2026-05-21T09:13:45.128141
iiyt.de,2026-05-21T09:13:46.178967
ii5o.de,2026-05-21T09:13:46.179271
ii07.de,2026-05-21T09:13:48.237114
ii1w.de,2026-05-21T09:13:53.176689
ii6u.de,2026-05-21T09:13:53.176995
ii1l.de,2026-05-21T09:13:54.224512
ii03.de,2026-05-21T09:14:00.174406
ii7w.de,2026-05-21T09:14:02.185051
ii0n.de,2026-05-21T09:14:02.186273
ii6r.de,2026-05-21T09:14:05.233648
iiz9.de,2026-05-21T09:14:05.234206
ii7s.de,2026-05-21T09:14:06.776747
ii1j.de,2026-05-21T09:14:06.796858
ii1c.de,2026-05-21T09:14:07.292174
ii67.de,2026-05-21T09:14:07.292753
ii8a.de,2026-05-21T09:14:08.213861
iis6.de,2026-05-21T09:14:08.227299
ii5i.de,2026-05-21T09:14:09.237584
ii1u.de,2026-05-21T09:14:09.237731
ii7c.de,2026-05-21T09:14:10.801346
ii15.de,2026-05-21T09:14:10.818775
ii7a.de,2026-05-21T09:14:11.292251
ii10.de,2026-05-21T09:14:11.724465
ii3q.de,2026-05-21T09:14:12.209245
ii2p.de,2026-05-21T09:14:12.230171
ii7k.de,2026-05-21T09:14:13.218711
ii0g.de,2026-05-21T09:14:13.241348
ii8q.de,2026-05-21T09:14:14.224604
iizu.de,2026-05-21T09:14:14.242388
ii8k.de,2026-05-21T09:14:15.224107
ii2h.de,2026-05-21T09:14:15.238017
ii8r.de,2026-05-21T09:14:16.244481
ii29.de,2026-05-21T09:14:16.244575
ii76.de,2026-05-21T09:14:17.807175
ii25.de,2026-05-21T09:14:17.825801
ii65.de,2026-05-21T09:14:18.304418
ii27.de,2026-05-21T09:14:18.739768
iiyj.de,2026-05-21T09:14:18.829547
ii64.de,2026-05-21T09:14:19.247335
ii2t.de,2026-05-21T09:14:19.351229
ii8g.de,2026-05-21T09:14:20.247393
ii8m.de,2026-05-21T09:14:21.819680
ii0r.de,2026-05-21T09:14:21.821165
ii2l.de,2026-05-21T09:14:22.350979
ii54.de,2026-05-21T09:14:22.850005
ii23.de,2026-05-21T09:14:22.850192
ii8i.de,2026-05-21T09:14:23.253727
ii0k.de,2026-05-21T09:14:23.765926
ii16.de,2026-05-21T09:14:24.254974
ii21.de,2026-05-21T09:14:25.777871
ii89.de,2026-05-21T09:14:26.761600
ii3u.de,2026-05-21T09:14:26.777250
ii88.de,2026-05-21T09:14:27.272599
iizm.de,2026-05-21T09:14:27.280051
ii8j.de,2026-05-21T09:14:27.782449
ii2a.de,2026-05-21T09:14:27.798232
iiuk.de,2026-05-21T09:14:28.839942
ii8w.de,2026-05-21T09:14:28.836727
ii2q.de,2026-05-21T09:14:29.859762
ii80.de,2026-05-21T09:14:29.860193
ii8f.de,2026-05-21T09:14:30.778410
ii13.de,2026-05-21T09:14:30.886754
ii8d.de,2026-05-21T09:14:31.780489
ii3c.de,2026-05-21T09:14:31.795310
ii3n.de,2026-05-21T09:14:32.835684
ii2t.de,2026-05-21T09:14:32.836065
ii72.de,2026-05-21T09:14:33.869777
ii3h.de,2026-05-21T09:14:33.890565
ii9r.de,2026-05-21T09:14:34.796469
ii2i.de,2026-05-21T09:14:34.893710
ii7i.de,2026-05-21T09:14:35.802414
ii1t.de,2026-05-21T09:14:35.821437
ii9b.de,2026-05-21T09:14:36.823248
ii39.de,2026-05-21T09:14:36.841636
ii90.de,2026-05-21T09:14:37.816607
ii3p.de,2026-05-21T09:14:37.819893
ii7n.de,2026-05-21T09:14:38.801215
ii3q.de,2026-05-21T09:14:38.821296
ii4i.de,2026-05-21T09:14:39.848014
ii6q.de,2026-05-21T09:14:39.848518
ii4g.de,2026-05-21T09:14:40.885926
ii79.de,2026-05-21T09:14:40.886063
ii92.de,2026-05-21T09:14:41.905449
ii3t.de,2026-05-21T09:14:41.927224
ijab.de,2026-05-21T09:14:42.823310
ii4m.de,2026-05-21T09:14:42.843956
ii8v.de,2026-05-21T09:14:43.842945
ii3a.de,2026-05-21T09:14:43.853522
ii4a.de,2026-05-21T09:14:44.903004
ii8l.de,2026-05-21T09:14:44.903484
ii7p.de,2026-05-21T09:14:45.951468
ii3o.de,2026-05-21T09:14:45.973384
ijal.de,2026-05-21T09:14:47.535737
ii4l.de,2026-05-21T09:14:47.541495
ii8t.de,2026-05-21T09:14:49.939989
ii9f.de,2026-05-21T09:14:55.197744
ii46.de,2026-05-21T09:14:55.197751
ii7q.de,2026-05-21T09:14:57.213370
ii3z.de,2026-05-21T09:15:03.241117
ija4.de,2026-05-21T09:15:03.252459
iizv.de,2026-05-21T09:15:06.359675
ijaw.de,2026-05-21T09:15:06.359777
ijan.de,2026-05-21T09:15:06.763340
ii27.de,2026-05-21T09:15:07.770448
ijbe.de,2026-05-21T09:15:07.770702
ii55.de,2026-05-21T09:15:08.768537
ii97.de,2026-05-21T09:15:08.769534
ijas.de,2026-05-21T09:15:09.776925
ii4s.de,2026-05-21T09:15:09.778264
ijay.de,2026-05-21T09:15:10.787161
iiyw.de,2026-05-21T09:15:10.787429
ijac.de,2026-05-21T09:15:11.827947
ii42.de,2026-05-21T09:15:11.827938
ijb0.de,2026-05-21T09:15:12.869096
ii5z.de,2026-05-21T09:15:12.869879
ii5p.de,2026-05-21T09:15:13.883867
ijbh.de,2026-05-21T09:15:13.888127
ijbq.de,2026-05-21T09:15:14.798939
ii3f.de,2026-05-21T09:15:14.801117
ijbv.de,2026-05-21T09:15:15.824921
ii3e.de,2026-05-21T09:15:15.826476
ii4u.de,2026-05-21T09:15:16.872499
ijb1.de,2026-05-21T09:15:16.872596
ii5m.de,2026-05-21T09:15:17.903462
ijb5.de,2026-05-21T09:15:17.903767
ii5s.de,2026-05-21T09:15:18.817098
ijbs.de,2026-05-21T09:15:18.817184
ijb4.de,2026-05-21T09:15:19.828707
ii4v.de,2026-05-21T09:15:19.828710
ija1.de,2026-05-21T09:15:20.341869
ii5v.de,2026-05-21T09:15:20.830088
ija3.de,2026-05-21T09:15:20.830795
ijbx.de,2026-05-21T09:15:21.854190
ii6n.de,2026-05-21T09:15:22.851224
ijb7.de,2026-05-21T09:15:22.853443
ii6p.de,2026-05-21T09:15:23.890821
ijcg.de,2026-05-21T09:15:23.893131
ijbo.de,2026-05-21T09:15:24.410806
ii83.de,2026-05-21T09:15:24.940958
ii54.de,2026-05-21T09:15:24.941096
ija9.de,2026-05-21T09:15:25.938192
ii5n.de,2026-05-21T09:15:26.885594
ii67.de,2026-05-21T09:15:27.889415
ijcf.de,2026-05-21T09:15:27.892936
ii6t.de,2026-05-21T09:15:28.407794
ijci.de,2026-05-21T09:15:28.410749
ii1v.de,2026-05-21T09:15:28.945252
ijcj.de,2026-05-21T09:15:28.945470
ijcx.de,2026-05-21T09:15:29.973936
iiym.de,2026-05-21T09:15:29.974782
ii6m.de,2026-05-21T09:15:30.891944
ijcc.de,2026-05-21T09:15:30.895413
ii69.de,2026-05-21T09:15:31.901500
ijc0.de,2026-05-21T09:15:31.901750
ii68.de,2026-05-21T09:15:32.899506
ii99.de,2026-05-21T09:15:32.899532
ii5i.de,2026-05-21T09:15:33.921763
ijc4.de,2026-05-21T09:15:33.942917
ijc2.de,2026-05-21T09:15:34.917618
ii6x.de,2026-05-21T09:15:34.920262
ii6g.de,2026-05-21T09:15:35.950922
ijct.de,2026-05-21T09:15:35.951140
ijcs.de,2026-05-21T09:15:36.996029
ii7k.de,2026-05-21T09:15:36.997553
ii7j.de,2026-05-21T09:15:38.024610
ii8z.de,2026-05-21T09:15:38.024873
ijcp.de,2026-05-21T09:15:38.948458
ii7l.de,2026-05-21T09:15:38.948627
ii7h.de,2026-05-21T09:15:39.952373
ijc8.de,2026-05-21T09:15:39.952541
ii5g.de,2026-05-21T09:15:41.007104
ijch.de,2026-05-21T09:15:41.007363
ii8s.de,2026-05-21T09:18:26.693457
ijfo.de,2026-05-21T09:18:26.693442
ii81.de,2026-05-21T09:18:27.175486
ije3.de,2026-05-21T09:18:27.175634
ije2.de,2026-05-21T09:18:27.687799
ii61.de,2026-05-21T09:18:27.688085
ii94.de,2026-05-21T09:18:28.181334
ijfp.de,2026-05-21T09:18:28.203756
ii8g.de,2026-05-21T09:18:28.688620
ijbn.de,2026-05-21T09:18:28.694752
ijfq.de,2026-05-21T09:18:29.194832
ii90.de,2026-05-21T09:18:29.196564
ii80.de,2026-05-21T09:18:29.703775
ije8.de,2026-05-21T09:18:29.703760
ijcz.de,2026-05-21T09:18:30.220017
ii7v.de,2026-05-21T09:18:30.220920
ijdz.de,2026-05-21T09:18:30.753859
ii4w.de,2026-05-21T09:18:30.756195
ii7a.de,2026-05-21T09:18:31.273873
ijeq.de,2026-05-21T09:18:31.274698
ije6.de,2026-05-21T09:18:31.794943
ijab.de,2026-05-21T09:18:31.795567
ii88.de,2026-05-21T09:18:32.316104
ijfb.de,2026-05-21T09:18:32.316446
ijfm.de,2026-05-21T09:18:32.806543
ii8q.de,2026-05-21T09:18:32.807351
ii9t.de,2026-05-21T09:18:33.213210
ijd9.de,2026-05-21T09:18:33.213283
ii9b.de,2026-05-21T09:18:33.726323
ijem.de,2026-05-21T09:18:33.726740
ijej.de,2026-05-21T09:18:34.248897
ii8b.de,2026-05-21T09:18:34.248998
ijag.de,2026-05-21T09:18:34.752799
ijcd.de,2026-05-21T09:18:34.753431
ijaa.de,2026-05-21T09:18:35.287413
ijdt.de,2026-05-21T09:18:35.287853
ijio.de,2026-05-21T10:00:11.043090
ijcb.de,2026-05-21T10:00:11.043109
ijis.de,2026-05-21T10:00:11.566621
ijb0.de,2026-05-21T10:00:11.566733
ijim.de,2026-05-21T10:00:12.091778
ijcn.de,2026-05-21T10:00:12.092567
ijit.de,2026-05-21T10:00:12.667675
ijcr.de,2026-05-21T10:00:12.667814
ijg7.de,2026-05-21T10:00:13.118752
ija6.de,2026-05-21T10:00:13.120620
ijhn.de,2026-05-21T10:00:13.633733
ijar.de,2026-05-21T10:00:13.639868
ijhf.de,2026-05-21T10:00:14.039612
ijcz.de,2026-05-21T10:00:14.039919
ijcl.de,2026-05-21T10:00:14.551354
iji2.de,2026-05-21T10:00:14.553237
ijia.de,2026-05-21T10:00:15.045759
ijcv.de,2026-05-21T10:00:15.046141
ijhu.de,2026-05-21T10:00:15.549945
ijb6.de,2026-05-21T10:00:15.549908
ijdf.de,2026-05-21T10:00:16.058604
ijf5.de,2026-05-21T10:00:16.058770
ijbo.de,2026-05-21T10:00:16.555365
ijhw.de,2026-05-21T10:00:16.555530
ijix.de,2026-05-21T10:00:17.054125
ijdh.de,2026-05-21T10:00:17.054546
ijir.de,2026-05-21T10:00:17.580543
ijcy.de,2026-05-21T10:00:17.580879
ijh7.de,2026-05-21T10:00:18.073168
ii9d.de,2026-05-21T10:00:18.073360
ijg1.de,2026-05-21T10:00:18.585181
ijan.de,2026-05-21T10:00:18.585582
ijde.de,2026-05-21T10:00:19.102538
ijgc.de,2026-05-21T10:00:19.102836
ijci.de,2026-05-21T10:00:19.632873
ijhc.de,2026-05-21T10:00:19.633452
ijbe.de,2026-05-21T10:00:20.149378
iji5.de,2026-05-21T10:00:20.151474
ijcu.de,2026-05-21T10:00:23.174055
ijiq.de,2026-05-21T10:00:23.175124
ijaj.de,2026-05-21T10:00:23.175296
ijiw.de,2026-05-21T10:00:23.175796
ijhr.de,2026-05-21T10:00:23.643718
ijb5.de,2026-05-21T10:00:23.644301
ijh9.de,2026-05-21T10:00:23.852426
ii9i.de,2026-05-21T10:00:23.853585
ijbu.de,2026-05-21T10:00:24.353016
iji6.de,2026-05-21T10:00:24.353243
ijdb.de,2026-05-21T10:00:24.856963
iji0.de,2026-05-21T10:00:24.857040
ijdi.de,2026-05-21T10:00:25.378822
ijgo.de,2026-05-21T10:00:25.378892
ijge.de,2026-05-21T10:00:25.919453
ijdd.de,2026-05-21T10:00:25.920072
ijc3.de,2026-05-21T10:00:26.429148
ijhi.de,2026-05-21T10:00:26.429252
ijje.de,2026-05-21T10:00:26.937822
ijb7.de,2026-05-21T10:00:26.938602
ijjf.de,2026-05-21T10:00:27.446372
ijdp.de,2026-05-21T10:00:27.456682
ijdl.de,2026-05-21T10:00:27.973050
ijew.de,2026-05-21T10:00:27.973152
iji7.de,2026-05-21T10:00:28.487238
ijdn.de,2026-05-21T10:00:28.487198
ijdx.de,2026-05-21T10:00:28.889361
ijh3.de,2026-05-21T10:00:28.889475
ijdk.de,2026-05-21T10:00:29.404039
ijjo.de,2026-05-21T10:00:29.403924
ijeo.de,2026-05-21T10:00:29.907700
ijdw.de,2026-05-21T10:00:29.908131
ijd3.de,2026-05-21T10:00:30.437061
ijin.de,2026-05-21T10:00:30.437292
ijjg.de,2026-05-21T10:00:30.956465
ijcs.de,2026-05-21T10:00:30.956868
ijgm.de,2026-05-21T10:00:31.471121
ijd0.de,2026-05-21T10:00:31.474029
ijht.de,2026-05-21T10:00:31.963556
ija1.de,2026-05-21T10:00:31.963770
ijja.de,2026-05-21T10:00:32.705842
ii86.de,2026-05-21T10:00:32.708410
ijc7.de,2026-05-21T10:00:33.048225
ijip.de,2026-05-21T10:00:33.048256
ijec.de,2026-05-21T10:00:33.611474
ijj0.de,2026-05-21T10:00:33.619343
ijj1.de,2026-05-21T10:00:34.110919
ijc2.de,2026-05-21T10:00:34.111325
ijju.de,2026-05-21T10:00:35.109169
ija4.de,2026-05-21T10:00:35.109874
ijlj.de,2026-05-21T10:01:12.633959
ija8.de,2026-05-21T10:01:12.639720
ijk3.de,2026-05-21T10:01:13.137146
ijgd.de,2026-05-21T10:01:13.139326
ijll.de,2026-05-21T10:01:13.642262
ijem.de,2026-05-21T10:01:13.657939
ijk4.de,2026-05-21T10:01:14.149828
ijcd.de,2026-05-21T10:01:14.149976
ijft.de,2026-05-21T10:01:14.673251
ijlw.de,2026-05-21T10:01:14.691912
ijge.de,2026-05-21T10:01:15.209018
ijkr.de,2026-05-21T10:01:15.235817
ijgc.de,2026-05-21T10:01:15.738723
ijig.de,2026-05-21T10:01:15.739461
ijjm.de,2026-05-21T10:01:16.218738
ijgn.de,2026-05-21T10:01:16.219882
ijln.de,2026-05-21T10:01:16.660473
ijdg.de,2026-05-21T10:01:16.662861
ijgq.de,2026-05-21T10:01:17.167958
ijl6.de,2026-05-21T10:01:17.169561
ijl5.de,2026-05-21T10:01:17.668755
ijdv.de,2026-05-21T10:01:17.669551
ijj2.de,2026-05-21T10:01:18.168268
ijfn.de,2026-05-21T10:01:18.169414
iji1.de,2026-05-21T10:01:18.677192
ijgu.de,2026-05-21T10:01:18.677232
ijgo.de,2026-05-21T10:01:19.226354
ijj6.de,2026-05-21T10:01:19.226576
ijfh.de,2026-05-21T10:01:19.736452
ijl7.de,2026-05-21T10:01:19.736449
ijjk.de,2026-05-21T10:01:20.246561
ijgj.de,2026-05-21T10:01:20.247026
ijfj.de,2026-05-21T10:01:20.761286
ijgr.de,2026-05-21T10:01:20.762670
ijex.de,2026-05-21T10:01:21.255241
ijc4.de,2026-05-21T10:01:21.262336
ijl0.de,2026-05-21T10:01:21.665656
ijg0.de,2026-05-21T10:01:21.671920
ijmo.de,2026-05-21T10:01:22.183893
ijek.de,2026-05-21T10:01:22.183952
ijl4.de,2026-05-21T10:01:22.669285
ijfj.de,2026-05-21T10:01:22.670390
ijfe.de,2026-05-21T10:01:23.174519
ijlq.de,2026-05-21T10:01:23.175239
ijly.de,2026-05-21T10:01:23.671091
ijgg.de,2026-05-21T10:01:23.676138
ijmi.de,2026-05-21T10:01:24.174632
ijf1.de,2026-05-21T10:01:24.176892
ijku.de,2026-05-21T10:01:24.677372
ijf4.de,2026-05-21T10:01:24.710671
ijme.de,2026-05-21T10:01:25.175818
ijgi.de,2026-05-21T10:01:25.190627
ijik.de,2026-05-21T10:01:25.672663
ijgy.de,2026-05-21T10:01:25.693591
ijgx.de,2026-05-21T10:01:26.175855
ijey.de,2026-05-21T10:01:26.183204
ijmf.de,2026-05-21T10:01:26.680977
ijgh.de,2026-05-21T10:01:26.684550
ijd7.de,2026-05-21T10:01:27.316021
ijmu.de,2026-05-21T10:01:27.318196
ijga.de,2026-05-21T10:01:27.763619
ijjq.de,2026-05-21T10:01:27.810026
ijf7.de,2026-05-21T10:01:28.280956
ijl3.de,2026-05-21T10:01:28.302871
ijgf.de,2026-05-21T10:01:28.764769
ijl8.de,2026-05-21T10:01:28.788352
ijhf.de,2026-05-21T10:01:29.275562
ijm0.de,2026-05-21T10:01:29.295374
ijg5.de,2026-05-21T10:01:29.769013
ijmy.de,2026-05-21T10:01:29.790879
ijgt.de,2026-05-21T10:01:30.284735
ijld.de,2026-05-21T10:01:30.305225
ijhc.de,2026-05-21T10:01:30.778400
ijl1.de,2026-05-21T10:01:30.799903
ijha.de,2026-05-21T10:01:31.281988
ijmz.de,2026-05-21T10:01:31.307845
ijff.de,2026-05-21T10:01:31.792547
ijmt.de,2026-05-21T10:01:31.810198
ije7.de,2026-05-21T10:01:32.304963
ijm1.de,2026-05-21T10:01:32.308533
ijhl.de,2026-05-21T10:01:32.822804
ijmr.de,2026-05-21T10:01:32.824103
ijg1.de,2026-05-21T10:01:33.356614
ijm2.de,2026-05-21T10:01:33.356637
ijg3.de,2026-05-21T10:01:33.857671
ijmq.de,2026-05-21T10:01:33.875985
ijm5.de,2026-05-21T10:01:34.387377
ijgw.de,2026-05-21T10:01:34.387552
ijd4.de,2026-05-21T10:01:34.885581
ijml.de,2026-05-21T10:01:34.904589
ijhp.de,2026-05-21T10:01:35.792451
ijlr.de,2026-05-21T10:01:35.817900
ijpb.de,2026-05-21T10:02:11.147501
ijjo.de,2026-05-21T10:02:11.153762
ijoq.de,2026-05-21T10:02:14.267306
ijpf.de,2026-05-21T10:02:14.793419
ijjq.de,2026-05-21T10:02:14.793460
ijg9.de,2026-05-21T10:02:15.077228
ijnf.de,2026-05-21T10:02:15.290999
ijiz.de,2026-05-21T10:02:15.556483
ijox.de,2026-05-21T10:02:15.809197
ijgx.de,2026-05-21T10:02:16.067545
ijo1.de,2026-05-21T10:02:16.196809
ijjs.de,2026-05-21T10:02:16.567206
ijpi.de,2026-05-21T10:02:16.677869
ijjl.de,2026-05-21T10:02:17.060284
ijn6.de,2026-05-21T10:02:17.193070
ijja.de,2026-05-21T10:02:17.586131
ijpm.de,2026-05-21T10:02:17.681715
ijjw.de,2026-05-21T10:02:18.070860
ijo4.de,2026-05-21T10:02:18.205879
ijgz.de,2026-05-21T10:02:18.578154
ijo0.de,2026-05-21T10:02:18.679497
iji2.de,2026-05-21T10:02:19.065411
ijo2.de,2026-05-21T10:02:19.187778
ijie.de,2026-05-21T10:02:19.583926
ijpo.de,2026-05-21T10:02:19.688589
ijpa.de,2026-05-21T10:02:20.211029
ijit.de,2026-05-21T10:02:20.212628
ijjx.de,2026-05-21T10:02:20.678314
ijoo.de,2026-05-21T10:02:20.736687
ijj5.de,2026-05-21T10:02:21.185113
ijnz.de,2026-05-21T10:02:21.218092
ijj9.de,2026-05-21T10:02:21.685708
ijov.de,2026-05-21T10:02:21.708012
ijjd.de,2026-05-21T10:02:22.188972
ijo9.de,2026-05-21T10:02:22.207568
ijj7.de,2026-05-21T10:02:22.692568
ijmc.de,2026-05-21T10:02:22.707436
ijj8.de,2026-05-21T10:02:23.195668
ijpy.de,2026-05-21T10:02:23.213851
ijjv.de,2026-05-21T10:02:23.701480
ijpu.de,2026-05-21T10:02:23.705851
ijh4.de,2026-05-21T10:02:24.259528
ijnu.de,2026-05-21T10:02:24.263319
ijir.de,2026-05-21T10:02:24.745993
ijpx.de,2026-05-21T10:02:24.762116
ijp6.de,2026-05-21T10:02:25.283963
ijjn.de,2026-05-21T10:02:25.284697
ijps.de,2026-05-21T10:02:25.794665
iji5.de,2026-05-21T10:02:25.806256
ijht.de,2026-05-21T10:02:26.295231
ijp8.de,2026-05-21T10:02:26.306695
ijkd.de,2026-05-21T10:02:26.826420
ijop.de,2026-05-21T10:02:26.846943
ijka.de,2026-05-21T10:02:27.217605
ijou.de,2026-05-21T10:02:27.374249
ijju.de,2026-05-21T10:02:27.720686
iji8.de,2026-05-21T10:02:27.883605
ijj3.de,2026-05-21T10:02:28.218671
ijmk.de,2026-05-21T10:02:28.384293
ijkk.de,2026-05-21T10:02:28.923474
ijpv.de,2026-05-21T10:02:28.940345
ijke.de,2026-05-21T10:02:29.476557
ijp3.de,2026-05-21T10:02:29.496173
ijhh.de,2026-05-21T10:02:29.803612
ijo8.de,2026-05-21T10:02:29.966671
ijkg.de,2026-05-21T10:02:30.314241
ijn1.de,2026-05-21T10:02:30.457720
ijkj.de,2026-05-21T10:02:30.810831
ijno.de,2026-05-21T10:02:31.145489
ijj6.de,2026-05-21T10:02:31.337643
ijqc.de,2026-05-21T10:02:31.382108
ijih.de,2026-05-21T10:02:31.819177
ijqj.de,2026-05-21T10:02:31.884281
ijjc.de,2026-05-21T10:02:32.334645
ijo5.de,2026-05-21T10:02:32.399703
ijiv.de,2026-05-21T10:02:32.836232
ijnn.de,2026-05-21T10:02:32.894932
ijje.de,2026-05-21T10:02:33.335365
ijqm.de,2026-05-21T10:02:33.406288
ijjh.de,2026-05-21T10:02:33.848221
ijqb.de,2026-05-21T10:02:33.899534
ijku.de,2026-05-21T10:02:34.464543
ijp1.de,2026-05-21T10:02:34.477633
ijim.de,2026-05-21T10:02:34.899631
ijpc.de,2026-05-21T10:02:34.921794
ijjy.de,2026-05-21T10:02:35.434881
ijnm.de,2026-05-21T10:02:35.462815
ijks.de,2026-05-21T10:02:35.867627
ijoc.de,2026-05-21T10:02:35.906329
ijhi.de,2026-05-21T10:02:36.849395
ijof.de,2026-05-21T10:02:36.906245
ijmg.de,2026-05-21T10:03:11.991496
ijsl.de,2026-05-21T10:03:12.031944
ijoy.de,2026-05-21T10:03:13.030521
ijrx.de,2026-05-21T10:03:15.078214
ijmb.de,2026-05-21T10:03:15.574992
ijq4.de,2026-05-21T10:03:15.594351
ijl3.de,2026-05-21T10:03:16.072498
ijsq.de,2026-05-21T10:03:16.127546
ijlr.de,2026-05-21T10:03:16.496353
ijsf.de,2026-05-21T10:03:16.619387
ijmo.de,2026-05-21T10:03:16.998315
ijrq.de,2026-05-21T10:03:17.147891
ijmn.de,2026-05-21T10:03:17.498586
ijpq.de,2026-05-21T10:03:17.547372
ijm9.de,2026-05-21T10:03:18.006065
ijr7.de,2026-05-21T10:03:18.049848
ijl8.de,2026-05-21T10:03:18.503325
ijpp.de,2026-05-21T10:03:18.543237
ijnd.de,2026-05-21T10:03:19.012707
ijsz.de,2026-05-21T10:03:19.070431
ijkx.de,2026-05-21T10:03:19.508087
ijss.de,2026-05-21T10:03:19.555844
ijkb.de,2026-05-21T10:03:20.022528
ijrm.de,2026-05-21T10:03:20.051922
ijm6.de,2026-05-21T10:03:20.517483
ijn4.de,2026-05-21T10:03:20.557300
ijlk.de,2026-05-21T10:03:21.030536
ijrl.de,2026-05-21T10:03:21.086991
ijnj.de,2026-05-21T10:03:21.513358
ijsj.de,2026-05-21T10:03:21.573420
ijnc.de,2026-05-21T10:03:22.017611
ijsd.de,2026-05-21T10:03:22.068503
ijnl.de,2026-05-21T10:03:22.532680
ijta.de,2026-05-21T10:03:22.582941
ijmh.de,2026-05-21T10:03:23.018104
ijr5.de,2026-05-21T10:03:23.084742
ijjb.de,2026-05-21T10:03:23.523697
ijrg.de,2026-05-21T10:03:23.588702
ijm7.de,2026-05-21T10:03:24.035837
ijs7.de,2026-05-21T10:03:24.070237
ijla.de,2026-05-21T10:03:24.652546
ijs1.de,2026-05-21T10:03:24.662380
ijm1.de,2026-05-21T10:03:25.041291
ijr8.de,2026-05-21T10:03:25.079474
ijm8.de,2026-05-21T10:03:25.559072
ijry.de,2026-05-21T10:03:25.578285
ijsh.de,2026-05-21T10:03:26.089019
ijle.de,2026-05-21T10:03:26.089382
ijkc.de,2026-05-21T10:03:26.604245
ijsp.de,2026-05-21T10:03:26.605432
ijnm.de,2026-05-21T10:03:27.124881
ijr4.de,2026-05-21T10:03:27.130138
ijme.de,2026-05-21T10:03:27.613610
ijtc.de,2026-05-21T10:03:27.654075
ijmk.de,2026-05-21T10:03:28.034231
ijro.de,2026-05-21T10:03:28.181251
ijld.de,2026-05-21T10:03:28.554758
ijsi.de,2026-05-21T10:03:28.661481
ijjr.de,2026-05-21T10:03:29.052159
ijtl.de,2026-05-21T10:03:29.184827
ijqi.de,2026-05-21T10:03:29.603960
ijn1.de,2026-05-21T10:03:29.603887
ijnv.de,2026-05-21T10:03:30.048187
ijrt.de,2026-05-21T10:03:30.103304
ijly.de,2026-05-21T10:03:30.548599
ijs2.de,2026-05-21T10:03:30.609137
ijns.de,2026-05-21T10:03:31.036193
ijq0.de,2026-05-21T10:03:31.302846
